/*
SQLyog Community v13.1.1 (64 bit)
MySQL - 10.1.34-MariaDB : Database - oss
*********************************************************************
*/

/*!40101 SET NAMES utf8 */;

/*!40101 SET SQL_MODE=''*/;

/*!40014 SET @OLD_UNIQUE_CHECKS=@@UNIQUE_CHECKS, UNIQUE_CHECKS=0 */;
/*!40014 SET @OLD_FOREIGN_KEY_CHECKS=@@FOREIGN_KEY_CHECKS, FOREIGN_KEY_CHECKS=0 */;
/*!40101 SET @OLD_SQL_MODE=@@SQL_MODE, SQL_MODE='NO_AUTO_VALUE_ON_ZERO' */;
/*!40111 SET @OLD_SQL_NOTES=@@SQL_NOTES, SQL_NOTES=0 */;
CREATE DATABASE /*!32312 IF NOT EXISTS*/`oss` /*!40100 DEFAULT CHARACTER SET latin1 */;

USE `oss`;

/*Table structure for table `admin` */

DROP TABLE IF EXISTS `admin`;

CREATE TABLE `admin` (
  `id_admin` int(50) NOT NULL AUTO_INCREMENT,
  `nama_admin` varchar(50) NOT NULL,
  `created_by` int(50) DEFAULT NULL,
  `created_time` datetime DEFAULT NULL,
  PRIMARY KEY (`id_admin`)
) ENGINE=InnoDB AUTO_INCREMENT=2 DEFAULT CHARSET=latin1;

/*Data for the table `admin` */

insert  into `admin`(`id_admin`,`nama_admin`,`created_by`,`created_time`) values 
(1,'admin',NULL,NULL);

/*Table structure for table `data_admin` */

DROP TABLE IF EXISTS `data_admin`;

CREATE TABLE `data_admin` (
  `id` int(10) NOT NULL AUTO_INCREMENT,
  `nama_admin` varchar(50) NOT NULL,
  `username` varchar(80) NOT NULL,
  `password` varchar(80) NOT NULL,
  PRIMARY KEY (`id`)
) ENGINE=InnoDB AUTO_INCREMENT=2 DEFAULT CHARSET=latin1;

/*Data for the table `data_admin` */

insert  into `data_admin`(`id`,`nama_admin`,`username`,`password`) values 
(1,'admin','admin','21232f297a57a5a743894a0e4a801fc3');

/*Table structure for table `data_mahasiswa` */

DROP TABLE IF EXISTS `data_mahasiswa`;

CREATE TABLE `data_mahasiswa` (
  `id` int(10) NOT NULL AUTO_INCREMENT,
  `nama_depan` varchar(50) NOT NULL,
  `nama_belakang` varchar(50) NOT NULL,
  `nim` varchar(9) NOT NULL,
  `email` varchar(50) NOT NULL,
  `tempat_lahir` varchar(50) NOT NULL,
  `tanggal_lahir` date NOT NULL,
  `program_studi` varchar(150) NOT NULL,
  `password` varchar(255) NOT NULL,
  PRIMARY KEY (`id`)
) ENGINE=InnoDB AUTO_INCREMENT=18 DEFAULT CHARSET=latin1;

/*Data for the table `data_mahasiswa` */

insert  into `data_mahasiswa`(`id`,`nama_depan`,`nama_belakang`,`nim`,`email`,`tempat_lahir`,`tanggal_lahir`,`program_studi`,`password`) values 
(7,'Muhammad',' Isa Dadi Hasibuan','141402039','isa.dadi@students.usu.ac.id',' KOTA BINJAI','1996-12-06','Sosiologi','$2y$10$NBooMgNU4NOvjg725Vvc8e.jCf6Zv3/3VSxEfIyPgRdPwhVqQpJWS'),
(12,'Ridho',' Fariha','141402021','ridhofariha@students.usu.ac.id',' KOTA MEDAN','1997-05-17','Antropologi','$2y$10$hPCFla0iKpkNzielp83Hn.aQ1WyZn00HOebmGzSKEXRVfS0I3EXu6'),
(13,'NABILA',' DEANNA','141402131','deannabila@students.usu.ac.id',' KOTA MEDAN','1996-10-20','Teknologi Informasi','$2y$10$adIqSxOcYVduZAKXksxVp.F3.HjpCP68WsFuRvugpChQQdKEC/6Zy'),
(14,'MHD',' IBRAHIM LUBIS','141402103','muhammadibrahimlubis@students.usu.ac.id',' KOTA MEDAN','1996-05-25','Teknologi Informasi','$2y$10$dIROmMwDeqaUBOhNMVpn5epLJBWgIXIB8DZcJaJrM/O6VPeZIAYoi'),
(16,'Taufiq',' Rourkyendo','171402030','taufiq.rourkyendo@students.usu.ac.id',' KAB. LANGKAT','1998-12-11','Teknologi Informasi','$2y$10$wPdlX//.yabqrGEMKeNQNuxpJUHpe90HxrToxn.SF.7yzPM4Ctvia'),
(17,'AHMAD',' ADIL','171402081','ahmad.adil819@students.usu.ac.id',' KAB. SLEMAN','1999-01-08','Teknologi Informasi','$2y$10$Oz7JjtS7TuZFQAKvIvwageLOICyFsK2WOpg7KmIC45Ny9.faave3K');

/*Table structure for table `data_pegawai` */

DROP TABLE IF EXISTS `data_pegawai`;

CREATE TABLE `data_pegawai` (
  `id` int(11) NOT NULL AUTO_INCREMENT,
  `username` varchar(50) NOT NULL,
  `password` varchar(50) NOT NULL,
  `bagian` varchar(50) NOT NULL,
  `fakultas` varchar(50) NOT NULL,
  `program_studi` varchar(50) NOT NULL,
  PRIMARY KEY (`id`)
) ENGINE=InnoDB AUTO_INCREMENT=20 DEFAULT CHARSET=latin1;

/*Data for the table `data_pegawai` */

insert  into `data_pegawai`(`id`,`username`,`password`,`bagian`,`fakultas`,`program_studi`) values 
(1,'Fakultas Akademik','78df579d8baa4f457a42dbc592ebd2ee','Pegawai Kasub Akademik','Fakultas Ilmu Politik dan Sosial','-'),
(3,'Fakultas Kemahasiswaan','79db7d99c0b1a24d44eb1176630b8273','Pegawai Kasub Kemahasiswaan','Fakultas Ilmu Politik dan Sosial','-'),
(6,'Antropologi','e3d60f202ceef167bdc96b60f80b9347','Pegawai Prodi','Fakultas Ilmu Politik dan Sosial','Antropologi'),
(8,'Ilmu Administrasi Bisnis','b8f8d2fef3efc7b85f3d86237bf4ed2b','Pegawai Prodi','Fakultas Ilmu Politik dan Sosial','Ilmu Administrasi Bisnis'),
(10,'Ilmu Komunikasi','900b0f5be94d7602fbd8cbe03b5274ba','Pegawai Prodi','Fakultas Ilmu Politik dan Sosial','Ilmu Komunikasi'),
(12,'Ilmu Administrasi Publik','64233c53ba8df55824d80af6a96841bf','Pegawai Prodi','Fakultas Ilmu Politik dan Sosial','Ilmu Administrasi Publik'),
(14,'Kesejahteraan Sosial','14429682b2cc3cdabce778351cb1bfdd','Pegawai Prodi','Fakultas Ilmu Politik dan Sosial','Kesejahteraan Sosial'),
(16,'Ilmu Politik','563fb4075858619cc1c92eb9b0717e57','Pegawai Prodi','Fakultas Ilmu Politik dan Sosial','Ilmu Politik'),
(17,'Sosiologi','664656ef342e28059789d8c99ebbf0c9','Pegawai Prodi','Fakultas Ilmu Politik dan Sosial','Sosiologi'),
(19,'Perpajakan','e7721bdebf0c3d73d11cb33faad64af0','Pegawai Prodi','Fakultas Ilmu Politik dan Sosial','Perpajakan');

/*Table structure for table `detail_edaran` */

DROP TABLE IF EXISTS `detail_edaran`;

CREATE TABLE `detail_edaran` (
  `id_detail_edaran` int(10) NOT NULL AUTO_INCREMENT,
  `id_edaran` int(10) NOT NULL,
  `id_surat` int(10) NOT NULL,
  `keterangan` text NOT NULL,
  PRIMARY KEY (`id_detail_edaran`)
) ENGINE=InnoDB AUTO_INCREMENT=46 DEFAULT CHARSET=latin1;

/*Data for the table `detail_edaran` */

insert  into `detail_edaran`(`id_detail_edaran`,`id_edaran`,`id_surat`,`keterangan`) values 
(1,1,148,'Halo'),
(2,1,149,'2010-02-19'),
(3,1,150,'2010-03-20'),
(4,1,151,'10'),
(5,1,152,'10'),
(6,2,148,'Beasiswa BBM dan PPA'),
(7,2,149,'2018-02-18'),
(8,2,150,'2018-02-28'),
(9,2,151,'10'),
(10,2,152,'10'),
(11,3,148,'Beasiswa BBM dan PPA'),
(12,3,149,'2018-02-18'),
(13,3,150,'2018-02-26'),
(14,3,151,'10'),
(15,3,152,'10'),
(16,4,148,'Beasiswa BBM dan PPA'),
(17,4,149,'2018-02-19'),
(18,4,150,'10'),
(19,4,151,'10'),
(20,4,152,'2018-02-20'),
(21,5,148,'Beasiswa BBM dan PPA'),
(22,5,149,'2018-02-15'),
(23,5,150,'10'),
(24,5,151,'10'),
(25,5,152,'2018-02-28'),
(26,6,148,'iseng'),
(27,6,149,'2018-01-15'),
(28,6,150,'10'),
(29,6,151,'10'),
(30,6,152,'2018-03-08'),
(36,8,148,'iseng'),
(37,8,149,'2018-02-19'),
(38,8,150,'10'),
(39,8,151,'10'),
(40,8,152,'2018-04-11'),
(41,9,148,'Beasiswa BBM dan PPA'),
(42,9,149,'2018-02-05'),
(43,9,150,'10'),
(44,9,151,'10'),
(45,9,152,'2018-03-01');

/*Table structure for table `detail_surat` */

DROP TABLE IF EXISTS `detail_surat`;

CREATE TABLE `detail_surat` (
  `id_detail` int(10) NOT NULL AUTO_INCREMENT,
  `id_isi` int(10) NOT NULL,
  `id_surat` int(10) NOT NULL,
  `keterangan` text NOT NULL,
  PRIMARY KEY (`id_detail`),
  KEY `id_isi` (`id_isi`),
  CONSTRAINT `detail_surat_ibfk_1` FOREIGN KEY (`id_isi`) REFERENCES `isi_surat` (`id_isi`) ON DELETE CASCADE ON UPDATE CASCADE
) ENGINE=InnoDB AUTO_INCREMENT=1328 DEFAULT CHARSET=latin1;

/*Data for the table `detail_surat` */

insert  into `detail_surat`(`id_detail`,`id_isi`,`id_surat`,`keterangan`) values 
(133,88,1,'Ridho  Fariha'),
(134,88,2,'141402021'),
(135,88,3,'Ilmu Politik'),
(136,88,4,'Sensor'),
(137,88,5,'DDW'),
(138,88,6,''),
(139,88,7,'seniman'),
(140,88,8,'ivan'),
(141,88,9,''),
(142,88,10,'Skripsi-141402021.jpeg'),
(143,88,11,'SPP-141402021.jpeg'),
(144,88,12,'KHS-141402021.png'),
(145,89,1,'Ridho  Fariha'),
(146,89,2,'141402021'),
(147,89,3,'Ilmu Politik'),
(148,89,4,'Sensor'),
(149,89,5,'DDW'),
(150,89,6,''),
(151,89,7,'seniman'),
(152,89,8,'ivan'),
(153,89,9,''),
(154,89,10,'Skripsi-141402021.png'),
(155,89,11,'SPP-141402021.jpeg'),
(156,89,12,'KHS-141402021.png'),
(157,93,153,'Muhammad  Isa Dadi Hasibuan'),
(158,93,154,'141402039'),
(159,93,155,'7'),
(160,94,153,'Muhammad  Isa Dadi Hasibuan'),
(161,94,154,'141402039'),
(162,94,155,'7'),
(163,95,153,'Ridho  Fariha'),
(164,95,154,'141402021'),
(165,95,155,'5 (Lima)'),
(178,98,153,'Ridho  Fariha'),
(179,98,154,'141402021'),
(180,98,155,'Tujuh (Ganjil)'),
(203,102,52,'Ridho  Fariha'),
(204,102,53,'141402021'),
(205,102,54,'Ilmu Politik'),
(206,102,55,'Speech Reccognition'),
(207,102,56,''),
(208,102,57,''),
(209,102,58,'KTM-141402021.png'),
(210,102,59,'SPP-141402021.png'),
(211,102,60,'KRS-Awal-Akhir-141402021.jpeg'),
(212,102,61,'KHS-Awal-Akhir-141402021.jpeg'),
(213,103,157,'Ridho  Fariha'),
(214,103,158,'141402021'),
(215,103,159,'Ilmu Politik'),
(216,103,160,'KHS-Awal-Akhir-141402021.jpeg'),
(217,103,161,'SPP-141402021.jpeg'),
(218,103,162,'KTM-141402021.png'),
(224,105,20,'Ridho  Fariha'),
(225,105,21,'141402021'),
(226,105,22,'Ilmu Politik'),
(227,105,23,'Tujuh (Ganjil)'),
(228,105,24,'2018/2019'),
(229,105,25,'S1'),
(242,108,157,'Ridho  Fariha'),
(243,108,158,'141402021'),
(244,108,159,'Ilmu Politik'),
(245,108,160,'KHS-Awal-Akhir-141402021.jpeg'),
(246,108,161,'SPP-141402021.png'),
(247,108,162,'KTM-141402021.jpeg'),
(248,109,1,'Ridho  Fariha'),
(249,109,2,'141402021'),
(250,109,3,'Ilmu Politik'),
(251,109,4,''),
(252,109,5,''),
(253,109,6,''),
(254,109,7,''),
(255,109,8,''),
(256,109,9,''),
(257,109,10,'Skripsi-141402021.'),
(258,109,11,'SPP-141402021.'),
(259,109,12,'KHS-141402021.'),
(260,110,97,'Afzalur  Rahmah'),
(261,110,98,'JL. Kebangsaan NO.29'),
(262,110,99,'141402023'),
(263,110,100,'Ilmu Administrasi Bisnis'),
(264,110,101,'Tujuh (Ganjil)'),
(265,110,102,'2018/2019'),
(266,111,153,'141402023'),
(267,111,154,'Afzalur  Rahmah'),
(268,111,155,'Tiga (ganjil)'),
(269,111,156,'Ilmu Administrasi Bisnis'),
(282,114,163,'Ridho  Fariha'),
(283,114,164,'141402021'),
(284,114,165,'Ilmu Politik'),
(285,114,166,'Keterangan-Alumni-141402021.png'),
(286,114,167,'Keterangan-penerbitan-jurnal-141402021.jpeg'),
(287,114,168,'Pengembalian-toga-wisuda-141402021.jpeg'),
(292,116,169,'Ridho  Fariha'),
(293,116,170,'141402021'),
(294,116,171,'Ilmu Politik'),
(295,116,172,'Keterangan-tanda-lulus-141402021.jpeg'),
(296,117,26,'Afzalur  Rahmah'),
(297,117,27,'141402023'),
(298,117,28,'Ilmu Administrasi Bisnis'),
(299,117,29,'S1'),
(300,117,30,'bosen'),
(301,118,26,'Ridho  Fariha'),
(302,118,27,'141402021'),
(303,118,28,'Ilmu Politik'),
(304,118,29,'S1'),
(305,118,30,'Bosen'),
(306,119,20,'Ridho  Fariha'),
(307,119,21,'141402021'),
(308,119,22,'Antropologi'),
(309,119,23,'Tujuh (Ganjil)'),
(310,119,24,'2018/2019'),
(311,119,25,'S1'),
(312,120,26,'Muhammad  Isa Dadi Hasibuan'),
(313,120,27,'141402039'),
(314,120,28,'Antropologi'),
(315,120,29,'S1'),
(316,120,30,'gadak'),
(320,122,180,'Ridho  Fariha'),
(321,122,181,'141402021'),
(322,122,182,'Antropologi'),
(323,122,183,'Cover-Proposal-Skripsi-141402021.jpeg'),
(324,122,192,'Membaca buku'),
(325,123,173,'Ridho  Fariha'),
(326,123,174,'141402021'),
(327,123,175,'Antropologi'),
(328,124,176,'Muhammad  Isa Dadi Hasibuan'),
(329,124,177,'141402039'),
(330,124,178,'Sosiologi'),
(331,124,179,'Cover-Proposal-Skripsi-141402039.jpeg'),
(332,125,194,'Muhammad  Isa Dadi Hasibuan'),
(333,125,195,'141402039'),
(334,125,196,'Sosiologi'),
(335,125,214,'Makan ayam'),
(336,125,215,'Jalan jauh'),
(337,126,216,'Muhammad  Isa Dadi Hasibuan'),
(338,126,217,'141402039'),
(339,126,218,'Sosiologi'),
(340,126,219,'Cover-Proposal-Skripsi-141402039.jpeg'),
(341,126,220,'Halaman-Persetujuan-141402039.jpeg'),
(342,126,221,'Hidup ini indah'),
(343,126,222,'jalnnnnn'),
(344,127,201,'Muhammad  Isa Dadi Hasibuan'),
(345,127,202,'141402039'),
(346,127,203,'Sosiologi'),
(347,127,204,'Jauh dimata dekat di hati'),
(352,129,173,'Ridho  Fariha'),
(353,129,174,'141402021'),
(354,129,175,'Antropologi'),
(355,130,153,'141402103'),
(356,130,154,'MHD  IBRAHIM LUBIS'),
(357,130,155,'8'),
(358,130,156,'Teknologi Informasi'),
(359,131,20,'MHD  IBRAHIM LUBIS'),
(360,131,21,'141402103'),
(361,131,22,'Teknologi Informasi'),
(362,131,23,'Ganjil'),
(363,131,24,'2018'),
(364,131,25,'S1'),
(365,132,97,'Ridho  Fariha'),
(366,132,98,'lalala'),
(367,132,99,'141402021'),
(368,132,100,'Antropologi'),
(369,132,101,'3(Tiga)'),
(370,132,102,'2018/2019'),
(371,133,103,'MHD  IBRAHIM LUBIS'),
(372,133,104,'141402103'),
(373,133,105,'Teknologi Informasi'),
(374,133,106,'asadasd'),
(375,133,107,'KRS-141402103.jpeg'),
(376,133,108,'Surat-Kegiatan-141402103.jpeg'),
(377,133,109,'Surat-Keterangan-sakit-141402103.jpeg'),
(378,134,97,'MHD  IBRAHIM LUBIS'),
(379,134,98,'kakaka'),
(380,134,99,'141402103'),
(381,134,100,'Teknologi Informasi'),
(382,134,101,'3(Tiga)'),
(383,134,102,'2018/2019'),
(384,135,13,''),
(385,135,14,''),
(386,135,15,''),
(387,135,16,''),
(388,135,17,''),
(389,135,18,''),
(390,135,19,''),
(391,136,26,'Ridho  Fariha'),
(392,136,27,'141402021'),
(393,136,28,'Antropologi'),
(394,136,29,'S1'),
(395,136,30,'males'),
(396,137,26,'Ridho  Fariha'),
(397,137,27,'141402021'),
(398,137,28,'Antropologi'),
(399,137,29,'S1'),
(400,137,30,'jaja'),
(401,138,83,'Ridho  Fariha'),
(402,138,84,'093408239483298'),
(403,138,85,'Ijazah-141402021.pdf'),
(404,138,144,'141402021'),
(405,138,145,'Antropologi'),
(406,139,86,'Ridho  Fariha'),
(407,139,87,'141402021'),
(408,139,88,'Antropologi'),
(409,139,89,'120'),
(410,139,90,'MEDAN, 17 Mei 1997'),
(411,139,91,'eiw'),
(412,139,92,'esok'),
(413,139,93,'KTM-141402021.jpeg'),
(414,139,94,'KRS-141402021.jpeg'),
(415,139,95,'KHS-141402021.jpeg'),
(416,139,96,'SPP-Ridho  Fariha.jpeg'),
(417,140,103,'Ridho  Fariha'),
(418,140,104,'141402021'),
(419,140,105,'Antropologi'),
(420,140,106,'meales'),
(421,140,107,'KRS-141402021.'),
(422,140,108,'Surat-Kegiatan-141402021.jpeg'),
(423,140,109,'Surat-Keterangan-sakit-141402021.jpeg'),
(424,141,86,'Ridho  Fariha'),
(425,141,87,'141402021'),
(426,141,88,'Antropologi'),
(427,141,89,'9'),
(428,141,90,'MEDAN, 17 Mei 1997'),
(429,141,91,'01239'),
(430,141,92,'kdsd'),
(431,141,93,'KTM-141402021.jpeg'),
(432,141,94,'KRS-141402021.jpeg'),
(433,141,95,'KHS-141402021.jpeg'),
(434,141,96,'SPP-141402021.jpeg'),
(435,142,110,'Ridho  Fariha'),
(436,142,111,'141402021'),
(437,142,112,'9'),
(438,142,113,'Antropologi'),
(439,142,114,'MEDAN, 17 Mei 1997'),
(440,142,115,'3213'),
(441,142,116,'dkadklldsnlkd'),
(442,142,117,'dlskmadkl'),
(443,142,118,'NIP'),
(444,142,119,'odsadko'),
(445,142,120,'123'),
(446,142,121,'knsdnas'),
(447,142,122,'dklsadkl'),
(448,142,123,'KTM-141402021.jpeg'),
(449,142,124,'KHS-141402021.jpeg'),
(450,142,125,'KRS-141402021.jpeg'),
(451,142,126,'SPP-141402021.jpeg'),
(452,142,147,'Kartu-keluarga-141402021.jpeg'),
(453,143,52,'Ridho  Fariha'),
(454,143,53,'141402021'),
(455,143,54,'Antropologi'),
(456,143,55,'Makan'),
(457,143,56,'tidur'),
(458,143,57,'nonton'),
(459,143,58,'KTM-141402021.jpeg'),
(460,143,59,'SPP-141402021.jpeg'),
(461,143,60,'KRS-Awal-Akhir-141402021.jpeg'),
(462,143,61,'KHS-Awal-Akhir-141402021.jpeg'),
(463,144,52,'Ridho  Fariha'),
(464,144,53,'141402021'),
(465,144,54,'Antropologi'),
(466,144,55,'Makan'),
(467,144,56,'tidur'),
(468,144,57,'nonton'),
(469,144,58,'KTM-141402021.'),
(470,144,59,'SPP-141402021.'),
(471,144,60,'KRS-Awal-Akhir-141402021.'),
(472,144,61,'KHS-Awal-Akhir-141402021.'),
(473,145,26,'Ridho  Fariha'),
(474,145,27,'141402021'),
(475,145,28,'Antropologi'),
(476,145,29,'S1'),
(477,145,30,'Bosen'),
(478,146,31,'NABILA  DEANNA'),
(479,146,32,'141402131'),
(480,146,33,'Teknologi Informasi'),
(481,146,34,'5'),
(482,146,35,'2011/2019'),
(483,146,36,'lelah'),
(484,146,37,'KTM-141402131.'),
(485,146,38,'SPP-141402131.'),
(486,147,46,'NABILA  DEANNA'),
(487,147,47,'141402131'),
(488,147,48,'c'),
(489,147,49,'kamu'),
(490,147,50,'ddddddddddddddd vvvvvvvvvf ggggggggggggg'),
(491,147,51,'Persetujuan-Judul-Skripsi-141402131.'),
(492,147,146,'Teknologi Informasi'),
(493,148,169,'NABILA  DEANNA'),
(494,148,170,'141402131'),
(495,148,171,'Teknologi Informasi'),
(496,148,172,'Keterangan-tanda-lulus-141402131.'),
(504,150,157,'Ridho  Fariha'),
(505,150,158,'141402021'),
(506,150,159,'Antropologi'),
(507,150,160,'KHS-Awal-Akhir-141402021.'),
(508,150,161,'SPP-141402021.'),
(509,150,162,'KTM-141402021.'),
(514,152,163,'Ridho  Fariha'),
(515,152,164,'141402021'),
(516,152,165,'Antropologi'),
(517,152,166,'Keterangan-Alumni-141402021.'),
(518,152,167,'Keterangan-penerbitan-jurnal-141402021.'),
(519,152,168,'Pengembalian-toga-wisuda-141402021.'),
(526,154,157,'Ridho  Fariha'),
(527,154,158,'141402021'),
(528,154,159,'Antropologi'),
(529,154,160,'KHS-Awal-Akhir-141402021.jpeg'),
(530,154,161,'SPP-141402021.jpeg'),
(531,154,162,'KTM-141402021.jpeg'),
(532,155,209,'Ridho  Fariha'),
(533,155,210,'141402021'),
(534,155,211,'Antropologi'),
(535,155,212,'Cover-Skripsi-ttd-141402021.jpeg'),
(536,155,213,'Halaman-Persetujuan-141402021.jpeg'),
(537,156,223,'Ridho  Fariha'),
(538,156,224,'ed'),
(539,156,225,'141402021'),
(540,156,226,'Antropologi'),
(541,156,227,'dfgst'),
(542,156,228,'ueneu'),
(543,157,97,'Ridho  Fariha'),
(544,157,98,'qerfq'),
(545,157,99,'141402021'),
(546,157,100,'Antropologi'),
(547,157,101,'frwf'),
(548,157,102,'ueneu'),
(549,158,83,'NABILA  DEANNA'),
(550,158,84,'3235445345431453154515515151531'),
(551,158,85,'Ijazah-141402131.'),
(552,158,144,'141402131'),
(553,158,145,'Teknologi Informasi'),
(554,159,86,'NABILA  DEANNA'),
(555,159,87,'141402131'),
(556,159,88,'Teknologi Informasi'),
(557,159,89,'23'),
(558,159,90,'MEDAN, 20 Oktober 1996'),
(559,159,91,'45346262451'),
(560,159,92,'fasgfergbg tgsdhserh tshstht w tsg ertgewt'),
(561,159,93,'KTM-141402131.'),
(562,159,94,'KRS-141402131.'),
(563,159,95,'KHS-141402131.'),
(564,159,96,'SPP-141402131.'),
(565,160,97,'NABILA  DEANNA'),
(566,160,98,'rgsrgsr tg bdfffffffffffff ghgfhr hs'),
(567,160,99,'141402131'),
(568,160,100,'Teknologi Informasi'),
(569,160,101,'4'),
(570,160,102,'24342/8768'),
(571,161,103,'NABILA  DEANNA'),
(572,161,104,'141402131'),
(573,161,105,'Teknologi Informasi'),
(574,161,106,'argawrrgr rg trttfg gfdsg'),
(575,161,107,'KRS-141402131.'),
(576,161,108,'Surat-Kegiatan-141402131.'),
(577,161,109,'Surat-Keterangan-sakit-141402131.'),
(578,162,110,'NABILA  DEANNA'),
(579,162,111,'141402131'),
(580,162,112,'3'),
(581,162,113,'Teknologi Informasi'),
(582,162,114,'MEDAN, 20 Oktober 1996'),
(583,162,115,'6546543664'),
(584,162,116,'dghfhfhfhfhfhfhf drrrrrrrh yhrh rety try'),
(585,162,117,'sragrfd rehgrh'),
(586,162,118,'32235253665'),
(587,162,119,'v a'),
(588,162,120,'fdsatresrr tgs'),
(589,162,121,'sdggsgtshtr fgserg'),
(590,162,122,'3425/6533'),
(591,162,123,'KTM-141402131.'),
(592,162,124,'KHS-141402131.'),
(593,162,125,'KRS-141402131.'),
(594,162,126,'SPP-141402131.'),
(595,162,147,'Kartu-keluarga-141402131.'),
(596,163,1,'NABILA  DEANNA'),
(597,163,2,'141402131'),
(598,163,3,'Teknologi Informasi'),
(599,163,4,'rdgr yes'),
(600,163,5,'fthghtthgf'),
(601,163,6,'fghhfdxhg'),
(602,163,7,'dthyrdhy thyrd yth '),
(603,163,8,'thysytht td yty dtysr'),
(604,163,9,'tsytsy trys try ty'),
(605,163,10,'Skripsi-141402131.'),
(606,163,11,'SPP-141402131.'),
(607,163,12,'KHS-141402131.'),
(608,164,13,'dafrfbege re'),
(609,164,14,'eawfeafr r'),
(610,164,15,'egfargr tg trgrs'),
(611,164,16,'sdgtsgt thtrh'),
(612,164,17,'athtrhr hrth'),
(613,164,18,'9887655'),
(614,164,19,'fgdsbsdbg'),
(615,165,20,'NABILA  DEANNA'),
(616,165,21,'141402131'),
(617,165,22,'Teknologi Informasi'),
(618,165,23,'faaav'),
(619,165,24,'3423/8564'),
(620,165,25,'dsa'),
(621,166,26,'NABILA  DEANNA'),
(622,166,27,'141402131'),
(623,166,28,'Teknologi Informasi'),
(624,166,29,'fd'),
(625,166,30,'fjttfyyyuik hjhvjhjjhj jjhjkjl njjkjkkjjkkjkjjkh nhjhjhkjm,n'),
(626,167,31,'NABILA  DEANNA'),
(627,167,32,'141402131'),
(628,167,33,'Teknologi Informasi'),
(629,167,34,'5'),
(630,167,35,'5766/9808'),
(631,167,36,'fjgkvjdhrgthcdt  y tftf f jy iu '),
(632,167,37,'KTM-141402131.'),
(633,167,38,'SPP-141402131.'),
(634,168,39,'NABILA  DEANNA'),
(635,168,40,'141402131'),
(636,168,41,'Teknologi Informasi'),
(637,168,42,'6y'),
(638,168,43,'gfggf'),
(639,168,44,'4535/6757'),
(640,168,45,'ujuftjtd jjkkigki ujyj'),
(641,169,46,'NABILA  DEANNA'),
(642,169,47,'141402131'),
(643,169,48,'b'),
(644,169,49,'fdhsh yhd ry'),
(645,169,50,'styseryeyes yd rtu ytryrst'),
(646,169,51,'Persetujuan-Judul-Skripsi-141402131.'),
(647,169,146,'Teknologi Informasi'),
(648,170,52,'NABILA  DEANNA'),
(649,170,53,'141402131'),
(650,170,54,'Teknologi Informasi'),
(651,170,55,'rtetrtr ggfhgf hfhgffgg'),
(652,170,56,'ghdfhh hdtrhtr thbtrtr'),
(653,170,57,'thtrhgtrhb trhg tgggggggg'),
(654,170,58,'KTM-141402131.'),
(655,170,59,'SPP-141402131.'),
(656,170,60,'KRS-Awal-Akhir-141402131.'),
(657,170,61,'KHS-Awal-Akhir-141402131.'),
(658,171,62,'NABILA  DEANNA'),
(659,171,63,'141402131'),
(660,171,64,'Teknologi Informasi'),
(661,171,65,'6'),
(662,171,66,'wywt yw yut twrutwrh wr htrr'),
(663,171,67,'ghffffffffff  jyujuj yjtjytyt'),
(664,171,68,'ydjj  jeytjytejjy'),
(665,171,69,' jyejuju jjyee'),
(666,171,70,'erjejukk e yte'),
(667,171,71,'SPP-141402131.'),
(668,171,72,'KTM-141402131.'),
(669,171,73,'Outline-141402131.'),
(670,171,74,'Proposal-141402131.'),
(671,172,127,'NABILA  DEANNA'),
(672,172,128,'141402131'),
(673,172,129,'Teknologi Informasi'),
(674,172,130,'uuyguioty i tyiityot ioiuouy'),
(675,172,131,'uytuiytjh ukikgikfy  yjfty'),
(676,172,132,'ftyuti iuiu jutyjtyu'),
(677,172,133,'rey4rgdfbh yhytjy'),
(678,172,134,'SPP-141402131.'),
(679,172,135,'KTM-141402131.'),
(680,172,136,'Proposal-141402131.'),
(681,173,157,'NABILA  DEANNA'),
(682,173,158,'141402131'),
(683,173,159,'Teknologi Informasi'),
(684,173,160,'KHS-Awal-Akhir-141402131.'),
(685,173,161,'SPP-141402131.'),
(686,173,162,'KTM-141402131.'),
(687,174,163,'NABILA  DEANNA'),
(688,174,164,'141402131'),
(689,174,165,'Teknologi Informasi'),
(690,174,166,'Keterangan-Alumni-141402131.'),
(691,174,167,'Keterangan-penerbitan-jurnal-141402131.'),
(692,174,168,'Pengembalian-toga-wisuda-141402131.'),
(693,175,169,'NABILA  DEANNA'),
(694,175,170,'141402131'),
(695,175,171,'Teknologi Informasi'),
(696,175,172,'Keterangan-tanda-lulus-141402131.'),
(697,176,173,'NABILA  DEANNA'),
(698,176,174,'141402131'),
(699,176,175,'Teknologi Informasi'),
(700,177,176,'NABILA  DEANNA'),
(701,177,177,'141402131'),
(702,177,178,'Teknologi Informasi'),
(703,177,179,'Cover-Proposal-Skripsi-141402131.'),
(704,178,180,'NABILA  DEANNA'),
(705,178,181,'141402131'),
(706,178,182,'Teknologi Informasi'),
(707,178,183,'Cover-Proposal-Skripsi-141402131.'),
(708,178,192,'gyutyhr tyhtrhtyhhg  ghf fhy'),
(709,179,209,'NABILA  DEANNA'),
(710,179,210,'141402131'),
(711,179,211,'Teknologi Informasi'),
(712,179,212,'Cover-Skripsi-ttd-141402131.'),
(713,179,213,'Halaman-Persetujuan-141402131.'),
(714,180,184,'NABILA  DEANNA'),
(715,180,185,'141402131'),
(716,180,186,'Teknologi Informasi'),
(717,180,187,'Bukti-lunas-uang-Skripsi-141402131.'),
(718,180,188,'Tagihan-Perpustakaan-141402131.'),
(719,180,189,'KHS-Awal-Akhir-141402131.'),
(720,180,190,'SPP-Awal-Akhir-141402131.'),
(721,180,193,'y7'),
(722,181,194,'NABILA  DEANNA'),
(723,181,195,'141402131'),
(724,181,196,'Teknologi Informasi'),
(725,181,214,'yhtfxhgtrhtrh yr yyh tr dy'),
(726,181,215,'yjtj ytfj yt tuy tdeweeer'),
(727,182,216,'NABILA  DEANNA'),
(728,182,217,'141402131'),
(729,182,218,'Teknologi Informasi'),
(730,182,219,'Cover-Proposal-Skripsi-141402131.'),
(731,182,220,'Halaman-Persetujuan-141402131.'),
(732,182,221,'ghcfhfghg'),
(733,182,222,'ncfncfghnfcghnfhjyt'),
(734,183,201,'NABILA  DEANNA'),
(735,183,202,'141402131'),
(736,183,203,'Teknologi Informasi'),
(737,183,204,'jhghfh yhthfh jhjh dh  yfyjjh'),
(738,184,205,'NABILA  DEANNA'),
(739,184,206,'141402131'),
(740,184,207,'Teknologi Informasi'),
(741,184,208,'Keterangan-penerbitan-jurnal-141402131.'),
(742,185,86,'NABILA  DEANNA'),
(743,185,87,'141402131'),
(744,185,88,'Teknologi Informasi'),
(745,185,89,'d3'),
(746,185,90,'MEDAN, 20 Oktober 1996'),
(747,185,91,'dcfa'),
(748,185,92,'dasfaw'),
(749,185,93,'fgthetyhtrjuy'),
(750,185,94,'KTM-141402131.'),
(751,185,95,'KRS-141402131.'),
(752,185,96,'KHS-141402131.'),
(753,185,231,'SPP-141402131.'),
(754,186,103,'NABILA  DEANNA'),
(755,186,104,'141402131'),
(756,186,105,'Teknologi Informasi'),
(757,186,106,'3'),
(758,186,107,'ehgnrnnhrahnaanangaanfanfadgab'),
(759,186,108,'KRS-141402131.'),
(760,186,109,'Surat-Kegiatan-141402131.'),
(761,186,299,'Surat-Keterangan-sakit-141402131.'),
(762,187,83,'Muhammad  Isa Dadi Hasibuan'),
(763,187,84,'76879898899887675656555'),
(764,187,85,'Ijazah-141402039.'),
(765,187,144,'141402039'),
(766,187,145,'Sosiologi'),
(767,188,86,'Muhammad  Isa Dadi Hasibuan'),
(768,188,87,'141402039'),
(769,188,88,'Sosiologi'),
(770,188,89,'soi'),
(771,188,90,'BINJAI, 06 Desember 1996'),
(772,188,91,'8'),
(773,188,92,'45346262451'),
(774,188,93,'fasgfergbg tgsdhserh tshstht w tsg ertgewt'),
(775,188,94,'KTM-141402039.'),
(776,188,95,'KRS-141402039.'),
(777,188,96,'KHS-141402039.'),
(778,188,231,'SPP-141402039.'),
(779,189,97,'Muhammad  Isa Dadi Hasibuan'),
(780,189,98,'aeyaer'),
(781,189,99,'141402039'),
(782,189,100,'Sosiologi'),
(783,189,101,'5'),
(784,189,102,'4567/9694'),
(785,190,223,'Muhammad  Isa Dadi Hasibuan'),
(786,190,224,'ed'),
(787,190,225,'141402039'),
(788,190,226,'Sosiologi'),
(789,190,227,'5'),
(790,190,228,'4567/9694'),
(791,191,153,'141402039'),
(792,191,154,'Muhammad  Isa Dadi Hasibuan'),
(793,191,155,'6'),
(794,191,156,'Sosiologi'),
(795,192,103,'Muhammad  Isa Dadi Hasibuan'),
(796,192,104,'141402039'),
(797,192,105,'Sosiologi'),
(798,192,106,'6'),
(799,192,107,'fjttfyyyuik hjhvjhjjhj jjhjkjl njjkjkkjjkkjkjjkh nhjhjhkjm,n'),
(800,192,108,'KRS-141402039.'),
(801,192,109,'Surat-Kegiatan-141402039.'),
(802,192,299,'Surat-Keterangan-sakit-141402039.'),
(803,193,110,'Muhammad  Isa Dadi Hasibuan'),
(804,193,111,'141402039'),
(805,193,112,'6'),
(806,193,113,'Sosiologi'),
(807,193,114,'BINJAI, 06 Desember 1996'),
(808,193,115,'6546543664'),
(809,193,116,'qerfq'),
(810,193,117,'sragrfd rehgrh'),
(811,193,118,'32235253665'),
(812,193,119,'v a'),
(813,193,120,'fdsatresrr tgs'),
(814,193,121,'sdggsgtshtr fgserg'),
(815,193,122,'4535/6757'),
(816,193,123,'KTM-141402039.'),
(817,193,124,'KHS-141402039.'),
(818,193,125,'KRS-141402039.'),
(819,193,126,'SPP-141402039.'),
(820,193,147,'Kartu-keluarga-141402039.'),
(821,194,1,'Muhammad  Isa Dadi Hasibuan'),
(822,194,2,'141402039'),
(823,194,3,'Sosiologi'),
(824,194,4,'yfdyr'),
(825,194,5,'agaegfe'),
(826,194,6,'EFSEW'),
(827,194,7,'dthyrdhy thyrd yth '),
(828,194,8,'thysytht td yty dtysr'),
(829,194,9,'FEFwefe'),
(830,194,10,'Skripsi-141402039.'),
(831,194,11,'SPP-141402039.'),
(832,194,12,'KHS-141402039.'),
(833,195,13,'adrfhd'),
(834,195,14,'eawfeafr r'),
(835,195,15,'25625656'),
(836,195,16,'9770800'),
(837,195,17,'223445677889'),
(838,195,18,'546426543643'),
(839,195,19,'fgdsbsdbg'),
(840,196,20,'Muhammad  Isa Dadi Hasibuan'),
(841,196,21,'141402039'),
(842,196,22,'Sosiologi'),
(843,196,23,'6'),
(844,196,24,'4535/6757'),
(845,196,25,'6y'),
(846,197,26,'Muhammad  Isa Dadi Hasibuan'),
(847,197,27,'141402039'),
(848,197,28,'Sosiologi'),
(849,197,29,'6y'),
(850,197,30,'fjttfyyyuik hjhvjhjjhj jjhjkjl njjkjkkjjkkjkjjkh nhjhjhkjm,n'),
(851,198,31,'Muhammad  Isa Dadi Hasibuan'),
(852,198,32,'141402039'),
(853,198,33,'Sosiologi'),
(854,198,34,'5'),
(855,198,35,'4535/6757'),
(856,198,36,'fjttfyyyuik hjhvjhjjhj jjhjkjl njjkjkkjjkkjkjjkh nhjhjhkjm,n'),
(857,198,37,'KTM-141402039.'),
(858,198,38,'SPP-141402039.'),
(866,200,39,'Muhammad  Isa Dadi Hasibuan'),
(867,200,40,'141402039'),
(868,200,41,'Sosiologi'),
(869,200,42,'6y'),
(870,200,43,'5'),
(871,200,44,'4535/6757'),
(872,200,45,'fjttfyyyuik hjhvjhjjhj jjhjkjl njjkjkkjjkkjkjjkh nhjhjhkjm,n'),
(873,201,46,'Muhammad  Isa Dadi Hasibuan'),
(874,201,47,'141402039'),
(875,201,48,'b'),
(876,201,49,'ggrrggr'),
(877,201,50,'styseryeyes yd rtu ytryrst'),
(878,201,51,'Persetujuan-Judul-Skripsi-141402039.'),
(879,201,146,'Sosiologi'),
(880,202,52,'Muhammad  Isa Dadi Hasibuan'),
(881,202,53,'141402039'),
(882,202,54,'Sosiologi'),
(883,202,55,'rtetrtr ggfhgf hfhgffgg'),
(884,202,56,'ghdfhh hdtrhtr thbtrtr'),
(885,202,57,'thtrhgtrhb trhg tgggggggg'),
(886,202,58,'KTM-141402039.'),
(887,202,59,'SPP-141402039.'),
(888,202,60,'KRS-Awal-Akhir-141402039.'),
(889,202,61,'KHS-Awal-Akhir-141402039.'),
(890,203,62,'Muhammad  Isa Dadi Hasibuan'),
(891,203,63,'141402039'),
(892,203,64,'Sosiologi'),
(893,203,65,'6'),
(894,203,66,'qerfq'),
(895,203,67,'ghffffffffff  jyujuj yjtjytyt'),
(896,203,68,'ftyuti iuiu jutyjtyu'),
(897,203,69,'adrfhd'),
(898,203,70,'erjejukk e yte'),
(899,203,71,'SPP-141402039.'),
(900,203,72,'KTM-141402039.'),
(901,203,73,'Outline-141402039.'),
(902,203,74,'Proposal-141402039.'),
(903,204,127,'Muhammad  Isa Dadi Hasibuan'),
(904,204,128,'141402039'),
(905,204,129,'Sosiologi'),
(906,204,130,'qerfq'),
(907,204,131,'ghffffffffff  jyujuj yjtjytyt'),
(908,204,132,'grgerre'),
(909,204,133,'dafrfbege re'),
(910,204,134,'SPP-141402039.'),
(911,204,135,'KTM-141402039.'),
(912,204,136,'Proposal-141402039.'),
(913,205,157,'Muhammad  Isa Dadi Hasibuan'),
(914,205,158,'141402039'),
(915,205,159,'Sosiologi'),
(916,205,160,'KHS-Awal-Akhir-141402039.'),
(917,205,161,'SPP-141402039.'),
(918,205,162,'KTM-141402039.'),
(919,206,163,'Muhammad  Isa Dadi Hasibuan'),
(920,206,164,'141402039'),
(921,206,165,'Sosiologi'),
(922,206,166,'Keterangan-Alumni-141402039.'),
(923,206,167,'Keterangan-penerbitan-jurnal-141402039.'),
(924,206,168,'Pengembalian-toga-wisuda-141402039.'),
(925,207,169,'Muhammad  Isa Dadi Hasibuan'),
(926,207,170,'141402039'),
(927,207,171,'Sosiologi'),
(928,207,172,'Keterangan-tanda-lulus-141402039.'),
(929,208,169,'Muhammad  Isa Dadi Hasibuan'),
(930,208,170,'141402039'),
(931,208,171,'Sosiologi'),
(932,208,172,'Keterangan-tanda-lulus-141402039.'),
(933,209,173,'Muhammad  Isa Dadi Hasibuan'),
(934,209,174,'141402039'),
(935,209,175,'Sosiologi'),
(936,210,176,'Muhammad  Isa Dadi Hasibuan'),
(937,210,177,'141402039'),
(938,210,178,'Sosiologi'),
(939,210,179,'Cover-Proposal-Skripsi-141402039.'),
(940,211,180,'Muhammad  Isa Dadi Hasibuan'),
(941,211,181,'141402039'),
(942,211,182,'Sosiologi'),
(943,211,183,'Cover-Proposal-Skripsi-141402039.'),
(944,211,192,'gyutyhr tyhtrhtyhhg  ghf fhy'),
(945,212,209,'Muhammad  Isa Dadi Hasibuan'),
(946,212,210,'141402039'),
(947,212,211,'Sosiologi'),
(948,212,212,'Cover-Skripsi-ttd-141402039.'),
(949,212,213,'Halaman-Persetujuan-141402039.'),
(950,213,184,'Muhammad  Isa Dadi Hasibuan'),
(951,213,185,'141402039'),
(952,213,186,'Sosiologi'),
(953,213,187,'Bukti-lunas-uang-Skripsi-141402039.'),
(954,213,188,'Tagihan-Perpustakaan-141402039.'),
(955,213,189,'KHS-Awal-Akhir-141402039.'),
(956,213,190,'SPP-Awal-Akhir-141402039.'),
(957,213,193,'E4'),
(958,214,194,'Muhammad  Isa Dadi Hasibuan'),
(959,214,195,'141402039'),
(960,214,196,'Sosiologi'),
(961,214,214,'gyutyhr tyhtrhtyhhg  ghf fhy'),
(962,214,215,'qerfq'),
(963,215,216,'Muhammad  Isa Dadi Hasibuan'),
(964,215,217,'141402039'),
(965,215,218,'Sosiologi'),
(966,215,219,'Cover-Proposal-Skripsi-141402039.'),
(967,215,220,'Halaman-Persetujuan-141402039.'),
(968,215,221,'gyutyhr tyhtrhtyhhg  ghf fhy'),
(969,215,222,'qerfq'),
(970,216,201,'Muhammad  Isa Dadi Hasibuan'),
(971,216,202,'141402039'),
(972,216,203,'Sosiologi'),
(973,216,204,'gyutyhr tyhtrhtyhhg  ghf fhy'),
(974,217,205,'Muhammad  Isa Dadi Hasibuan'),
(975,217,206,'141402039'),
(976,217,207,'Sosiologi'),
(977,217,208,'Keterangan-penerbitan-jurnal-141402039.'),
(978,218,1,'NABILA  DEANNA'),
(979,218,2,'141402131'),
(980,218,3,'Teknologi Informasi'),
(981,218,4,'ohojio'),
(982,218,5,'giighio'),
(983,218,6,'hhoihih'),
(984,218,7,'ihoipjp'),
(985,218,8,'piohihohio'),
(986,218,9,'hoohihoi'),
(987,218,10,'Skripsi-141402131.'),
(988,218,11,'SPP-141402131.'),
(989,218,12,'KHS-141402131.'),
(990,219,1,'NABILA  DEANNA'),
(991,219,2,'141402131'),
(992,219,3,'Teknologi Informasi'),
(993,219,4,'ohojio'),
(994,219,5,'giighio'),
(995,219,6,'hhoihih'),
(996,219,7,'ihoipjp'),
(997,219,8,'piohihohio'),
(998,219,9,'hoohihoi'),
(999,219,10,'Skripsi-141402131.'),
(1000,219,11,'SPP-141402131.'),
(1001,219,12,'KHS-141402131.'),
(1002,220,1,'NABILA  DEANNA'),
(1003,220,2,'141402131'),
(1004,220,3,'Teknologi Informasi'),
(1005,220,4,'hgybu'),
(1006,220,5,'hjgiotuy'),
(1007,220,6,'yugylhjvl'),
(1008,220,7,'viggiuou'),
(1009,220,8,'giuugiuig'),
(1010,220,9,'gigiugiugiu'),
(1011,220,10,'Skripsi-141402131.'),
(1012,220,11,'SPP-141402131.'),
(1013,220,12,'KHS-141402131.'),
(1014,221,194,'NABILA  DEANNA'),
(1015,221,195,'141402131'),
(1016,221,196,'Teknologi Informasi'),
(1017,221,214,'kfrkfdfslfsl'),
(1018,221,215,'dbfdkjfsdfldsflkdkn'),
(1019,222,127,'NABILA  DEANNA'),
(1020,222,128,'141402131'),
(1021,222,129,'Teknologi Informasi'),
(1022,222,130,''),
(1023,222,131,''),
(1024,222,132,''),
(1025,222,133,''),
(1026,222,134,'SPP-141402131.'),
(1027,222,135,'KTM-141402131.'),
(1028,222,136,'Proposal-141402131.'),
(1048,225,173,'Ridho  Fariha'),
(1049,225,174,'141402021'),
(1050,225,175,'Antropologi'),
(1051,225,322,'Surat-Magang-141402021.png'),
(1060,227,13,'bapak'),
(1061,227,14,'dosen'),
(1062,227,15,'141402021'),
(1063,227,16,'141402023'),
(1064,227,17,'141402024'),
(1065,227,18,'0824789456321'),
(1066,227,19,'Dirumah'),
(1067,227,303,'Scan-praktikum-141402021-141402023-141402024.png'),
(1107,233,20,'Ridho  Fariha'),
(1108,233,21,'141402021'),
(1109,233,22,'Antropologi'),
(1110,233,23,'Ganjil'),
(1111,233,24,'2018/2019'),
(1112,233,25,'S1'),
(1113,233,305,'Penundaan-PKA-141402021.png'),
(1114,233,323,'Slip-SPP-141402021.png'),
(1115,233,324,'KTM-141402021.png'),
(1116,234,52,'Ridho  Fariha'),
(1117,234,53,'141402021'),
(1118,234,54,'Antropologi'),
(1119,234,55,'a'),
(1120,234,56,'b'),
(1121,234,57,'c'),
(1122,234,58,'KTM-141402021.png'),
(1123,234,59,'SPP-141402021.png'),
(1124,234,60,'KRS-Awal-Akhir-141402021.png'),
(1125,234,61,'KHS-Awal-Akhir-141402021.png'),
(1126,234,318,'Permohonan-Praktikum-141402021.'),
(1127,235,52,'Ridho  Fariha'),
(1128,235,53,'141402021'),
(1129,235,54,'Antropologi'),
(1130,235,55,'a'),
(1131,235,56,'b'),
(1132,235,57,'c'),
(1133,235,58,'KTM-141402021.png'),
(1134,235,59,'SPP-141402021.png'),
(1135,235,60,'KRS-Awal-Akhir-141402021.png'),
(1136,235,61,'KHS-Awal-Akhir-141402021.jpeg'),
(1137,235,318,'Permohonan-Praktikum-141402021.'),
(1138,236,52,'Ridho  Fariha'),
(1139,236,53,'141402021'),
(1140,236,54,'Antropologi'),
(1141,236,55,'a'),
(1142,236,56,'b'),
(1143,236,57,'c'),
(1144,236,58,'KTM-141402021.png'),
(1145,236,59,'SPP-141402021.png'),
(1146,236,60,'KRS-Awal-Akhir-141402021.png'),
(1147,236,61,'KHS-Awal-Akhir-141402021.png'),
(1148,236,318,'Surat-Permohonan-Judul-141402021.png'),
(1154,238,216,'Ridho  Fariha'),
(1155,238,217,'141402021'),
(1156,238,218,'Antropologi'),
(1157,238,220,'Halaman-Persetujuan-141402021.png'),
(1158,238,221,'Makanan Cepat Saji'),
(1159,238,222,'jalan kampung baru'),
(1160,239,216,'Ridho  Fariha'),
(1161,239,217,'141402021'),
(1162,239,218,'Antropologi'),
(1163,239,220,'Halaman-Persetujuan-141402021.png'),
(1164,239,221,'Makanan Cepat Saji'),
(1165,239,222,'jalan kampung baru'),
(1166,239,325,'Cover-Proposal-Skripsi-141402021.png'),
(1167,240,1,'NABILA  DEANNA'),
(1168,240,2,'141402131'),
(1169,240,3,'Teknologi Informasi'),
(1170,240,4,'hgybu'),
(1171,240,5,'giighio'),
(1172,240,6,'hhoihih'),
(1173,240,7,'viggiuou'),
(1174,240,8,'piohihohio'),
(1175,240,9,'hoohihoi'),
(1176,240,10,'Skripsi-141402131.'),
(1177,240,11,'SPP-141402131.'),
(1178,240,12,'KHS-141402131.'),
(1179,240,301,'Pembayaran-Ujian-Khusus-141402131.'),
(1180,241,13,'jgwvwrg'),
(1181,241,14,'gwgtrgtg'),
(1182,241,15,'0088970878'),
(1183,241,16,'897979890898'),
(1184,241,17,'80909809888'),
(1185,241,18,'0980980988'),
(1186,241,19,'bhbjjkn'),
(1187,241,303,'Scan-praktikum-0088970878-897979890898-80909809888.'),
(1188,242,20,'NABILA  DEANNA'),
(1189,242,21,'141402131'),
(1190,242,22,'Teknologi Informasi'),
(1191,242,23,'4'),
(1192,242,24,'87879/808'),
(1193,242,25,'g7'),
(1194,242,305,'Penundaan-PKA-141402131.'),
(1195,242,323,'Slip-SPP-141402131.'),
(1196,242,324,'KTM-141402131.'),
(1197,243,26,'NABILA  DEANNA'),
(1198,243,27,'141402131'),
(1199,243,28,'Teknologi Informasi'),
(1200,243,29,'g7'),
(1201,243,30,'fsgtehgeqgwhw'),
(1202,243,306,'Slip-SPP-141402131.'),
(1203,243,307,'KTM-141402131.'),
(1204,244,31,'NABILA  DEANNA'),
(1205,244,32,'141402131'),
(1206,244,33,'Teknologi Informasi'),
(1207,244,34,'4'),
(1208,244,35,'87879/808'),
(1209,244,36,'fsgtehgeqgwhw'),
(1210,244,37,'KTM-141402131.'),
(1211,244,38,'SPP-141402131.'),
(1212,245,39,'NABILA  DEANNA'),
(1213,245,40,'141402131'),
(1214,245,41,'Teknologi Informasi'),
(1215,245,42,'g7'),
(1216,245,43,'4'),
(1217,245,44,'87879/808'),
(1218,245,45,'jeruy'),
(1219,245,308,'Slip-SPP-141402131.'),
(1220,245,309,'KTM-141402131.'),
(1221,246,46,'NABILA  DEANNA'),
(1222,246,47,'141402131'),
(1223,246,48,'tyry'),
(1224,246,49,'jgwvwrg'),
(1225,246,50,'tryr'),
(1226,246,51,'Persetujuan-Judul-Skripsi-141402131.'),
(1227,246,146,'Teknologi Informasi'),
(1228,247,52,'NABILA  DEANNA'),
(1229,247,53,'141402131'),
(1230,247,54,'Teknologi Informasi'),
(1231,247,55,'GFHHDFH'),
(1232,247,56,'dhfdh'),
(1233,247,57,'dhd'),
(1234,247,58,'KTM-141402131.'),
(1235,247,59,'SPP-141402131.'),
(1236,247,60,'KRS-Awal-Akhir-141402131.'),
(1237,247,61,'KHS-Awal-Akhir-141402131.'),
(1238,247,318,'Surat-Permohonan-Judul-141402131.'),
(1239,248,46,'NABILA  DEANNA'),
(1240,248,47,'141402131'),
(1241,248,48,'tyry'),
(1242,248,49,'jgwvwrg'),
(1243,248,50,'tryr'),
(1244,248,51,'Persetujuan-Judul-Skripsi-141402131.'),
(1245,248,146,'Teknologi Informasi'),
(1246,249,52,'NABILA  DEANNA'),
(1247,249,53,'141402131'),
(1248,249,54,'Teknologi Informasi'),
(1249,249,55,'GFHHDFH'),
(1250,249,56,'dhfdh'),
(1251,249,57,'dhd'),
(1252,249,58,'KTM-141402131.'),
(1253,249,59,'SPP-141402131.'),
(1254,249,60,'KRS-Awal-Akhir-141402131.'),
(1255,249,61,'KHS-Awal-Akhir-141402131.'),
(1256,249,318,'Surat-Permohonan-Judul-141402131.'),
(1257,250,62,'NABILA  DEANNA'),
(1258,250,63,'141402131'),
(1259,250,64,'Teknologi Informasi'),
(1260,250,65,'4'),
(1261,250,66,'sttrhtrjrtrdrtttttttttttttttttttttrrrrrrrrrrrrrrrrrrsdc'),
(1262,250,67,'RTEYEA'),
(1263,250,68,'RETAETR'),
(1264,250,69,'jgwvwrg'),
(1265,250,70,'ddewrwetg'),
(1266,250,71,'SPP-141402131.'),
(1267,250,72,'KTM-141402131.'),
(1268,250,73,'Outline-141402131.'),
(1269,251,127,'NABILA  DEANNA'),
(1270,251,128,'141402131'),
(1271,251,129,'Teknologi Informasi'),
(1272,251,130,'sttrhtrjrtrdrtttttttttttttttttttttrrrrrrrrrrrrrrrrrrsdc'),
(1273,251,131,'RTEYEA'),
(1274,251,132,'RETAETR'),
(1275,251,133,'fsgsfgfg'),
(1276,251,134,'gvfgfsfs'),
(1277,251,135,'fvsdggggfd'),
(1278,251,136,'bgbfdbgfgb'),
(1279,251,319,'SPP-141402131.'),
(1280,251,320,'KTM-141402131.'),
(1281,251,321,'Proposal-141402131.'),
(1282,252,173,'NABILA  DEANNA'),
(1283,252,174,'141402131'),
(1284,252,175,'Teknologi Informasi'),
(1285,252,322,'Surat-Magang-141402131.'),
(1286,253,176,'NABILA  DEANNA'),
(1287,253,177,'141402131'),
(1288,253,178,'Teknologi Informasi'),
(1289,253,179,'Cover-Proposal-Skripsi-141402131.'),
(1290,253,300,'Kartu-Semhas-141402131.'),
(1291,254,209,'NABILA  DEANNA'),
(1292,254,210,'141402131'),
(1293,254,211,'Teknologi Informasi'),
(1294,254,212,'Cover-Skripsi-ttd-141402131.'),
(1295,254,213,'Halaman-Persetujuan-141402131.'),
(1296,255,184,'NABILA  DEANNA'),
(1297,255,185,'141402131'),
(1298,255,186,'Teknologi Informasi'),
(1299,255,187,'Bukti-lunas-uang-Skripsi-141402131.'),
(1300,255,188,'Tagihan-Perpustakaan-141402131.'),
(1301,255,189,'KHS-Awal-Akhir-141402131.'),
(1302,255,190,'SPP-Awal-Akhir-141402131.'),
(1303,255,193,'g7'),
(1304,256,194,'NABILA  DEANNA'),
(1305,256,195,'141402131'),
(1306,256,196,'Teknologi Informasi'),
(1307,256,214,'wertyuijhgfcv'),
(1308,256,215,'sttrhtrjrtrdrtttttttttttttttttttttrrrrrrrrrrrrrrrrrrsdc'),
(1309,256,310,'jnijhihiuhhu'),
(1310,256,311,'jhiojiohoih'),
(1311,256,312,'huihuu'),
(1312,256,313,'iojijjo'),
(1313,256,314,'jnonioj'),
(1314,256,315,'joipjpo'),
(1315,257,216,'NABILA  DEANNA'),
(1316,257,217,'141402131'),
(1317,257,218,'Teknologi Informasi'),
(1318,257,220,'Halaman-Persetujuan-141402131.'),
(1319,257,221,'wertyuijhgfcv'),
(1320,257,222,'sttrhtrjrtrdrtttttttttttttttttttttrrrrrrrrrrrrrrrrrrsdc'),
(1321,257,325,'Cover-Proposal-Skripsi-141402131.'),
(1322,258,201,'NABILA  DEANNA'),
(1323,258,202,'141402131'),
(1324,258,203,'Teknologi Informasi'),
(1325,258,204,'wertyuijhgfcv'),
(1326,258,316,'Surat-Permohonan-Jurnal-141402131.'),
(1327,258,317,'Cover-Skripsi-ttd-141402131.');

/*Table structure for table `edaran` */

DROP TABLE IF EXISTS `edaran`;

CREATE TABLE `edaran` (
  `id_edaran` int(10) NOT NULL AUTO_INCREMENT,
  `id_jenis` int(10) NOT NULL,
  `tanggal_dibuat` date NOT NULL,
  PRIMARY KEY (`id_edaran`)
) ENGINE=InnoDB AUTO_INCREMENT=10 DEFAULT CHARSET=latin1;

/*Data for the table `edaran` */

insert  into `edaran`(`id_edaran`,`id_jenis`,`tanggal_dibuat`) values 
(1,19,'2018-02-01'),
(2,19,'2018-02-18'),
(3,19,'2018-02-18'),
(4,19,'2018-02-18'),
(5,19,'2018-02-18'),
(8,19,'2018-02-18'),
(9,19,'2018-02-18');

/*Table structure for table `isi_surat` */

DROP TABLE IF EXISTS `isi_surat`;

CREATE TABLE `isi_surat` (
  `id_isi` int(10) NOT NULL AUTO_INCREMENT,
  `id_jenis` int(10) NOT NULL,
  `tanggal_masuk` date NOT NULL,
  `tanggal_proses` date DEFAULT NULL,
  `tanggal_keluar` datetime DEFAULT NULL,
  `status_surat` enum('Pending','On Process','Selesai','Ditolak') NOT NULL,
  `nim` char(14) NOT NULL,
  `resi` varchar(5) NOT NULL,
  PRIMARY KEY (`id_isi`)
) ENGINE=InnoDB AUTO_INCREMENT=259 DEFAULT CHARSET=latin1;

/*Data for the table `isi_surat` */

insert  into `isi_surat`(`id_isi`,`id_jenis`,`tanggal_masuk`,`tanggal_proses`,`tanggal_keluar`,`status_surat`,`nim`,`resi`) values 
(88,1,'2018-01-31',NULL,NULL,'Ditolak','141402021',''),
(89,1,'2018-01-31','2018-01-31','2018-02-18 18:17:40','Selesai','141402021','86816'),
(90,0,'2018-02-05',NULL,NULL,'Pending','141402039',''),
(91,0,'2018-02-05',NULL,NULL,'Pending','141402039',''),
(92,0,'2018-02-05',NULL,NULL,'Pending','141402039',''),
(93,20,'2018-02-05',NULL,NULL,'Pending','141402039',''),
(94,20,'2018-02-05',NULL,NULL,'Pending','141402039',''),
(95,20,'2018-02-05','2018-02-19','2018-02-19 15:08:59','Selesai','141402021','29928'),
(98,20,'2018-02-05','2018-02-19','2018-04-20 17:06:33','Selesai','141402021','7846'),
(102,9,'2018-02-17','2018-04-20','2018-04-20 15:41:53','Selesai','141402021','11395'),
(103,21,'2018-02-18','2018-02-18','2018-02-18 12:34:40','Selesai','141402021','42803'),
(105,4,'2018-02-18','2018-02-18','2018-04-20 15:48:23','Selesai','141402021','73721'),
(108,21,'2018-02-18','2018-02-18','2018-02-19 15:09:34','Selesai','141402021','45697'),
(109,1,'2018-02-18','2018-04-20','2018-04-20 15:41:54','Selesai','141402021','59515'),
(110,14,'2018-02-18','2018-02-18','2018-02-18 15:38:31','Selesai','141402023','83843'),
(111,20,'2018-02-18','2018-02-18','2018-02-18 16:12:21','Selesai','141402023','57254'),
(114,22,'2018-02-18','2018-02-18','2018-02-18 18:16:12','Selesai','141402021','16003'),
(116,23,'2018-02-18','2018-02-18','2018-02-18 18:17:35','Selesai','141402021','73544'),
(117,5,'2018-02-19','2018-02-19','2018-02-19 15:41:36','Selesai','141402023','13952'),
(118,5,'2018-02-19','2018-04-20','2018-04-20 15:41:56','Selesai','141402021','20382'),
(119,4,'2018-02-19','2018-04-20','2018-04-20 15:43:04','Selesai','141402021','27975'),
(120,5,'2018-02-19','2018-04-20','2018-04-20 15:43:08','Selesai','141402039','60949'),
(122,26,'2018-03-01','2018-03-01','2018-04-20 15:47:48','Selesai','141402021','57244'),
(123,24,'2018-03-01','2018-03-01','2018-04-20 15:47:49','Selesai','141402021','87020'),
(124,25,'2018-03-01','2018-03-01','2018-04-20 15:48:08','Selesai','141402039','42990'),
(125,28,'2018-03-01','2018-03-01','2018-04-20 15:48:11','Selesai','141402039','55761'),
(126,29,'2018-03-01','2018-03-01','2018-04-20 15:48:13','Selesai','141402039','50158'),
(127,30,'2018-03-01','2018-03-01','2018-04-20 15:48:15','Selesai','141402039','65701'),
(129,24,'2018-03-01','2018-04-20','2018-04-20 15:47:27','Selesai','141402021','41452'),
(130,20,'2018-03-01','2018-03-01','2018-03-01 11:23:33','Selesai','141402103','51504'),
(131,4,'2018-03-01','2018-04-20','2018-04-20 15:47:31','Selesai','141402103','68188'),
(132,14,'2018-03-01',NULL,NULL,'Pending','141402021',''),
(133,15,'2018-03-01',NULL,NULL,'Pending','141402103',''),
(134,14,'2018-03-01',NULL,NULL,'Pending','141402103',''),
(135,2,'2018-03-04','2018-03-04','2018-03-04 20:29:28','Selesai','141402021','30'),
(136,5,'2018-03-04','2018-03-04','2018-04-20 15:47:46','Selesai','141402021','94976'),
(137,5,'2018-03-07',NULL,NULL,'Ditolak','141402021',''),
(138,12,'2018-03-30','2018-03-30','2018-04-20 17:06:29','Selesai','141402021','2749'),
(139,13,'2018-03-30','2018-03-30','2018-04-20 17:06:30','Selesai','141402021','47372'),
(140,15,'2018-03-30',NULL,NULL,'Ditolak','141402021',''),
(141,13,'2018-03-30','2018-03-30','2018-04-20 17:06:31','Selesai','141402021','42071'),
(142,16,'2018-03-30','2018-03-30','2018-04-20 17:06:32','Selesai','141402021','34082'),
(143,9,'2018-03-30','2018-03-30','2018-04-20 15:47:42','Selesai','141402021','90258'),
(144,9,'2018-03-30','2018-03-30','2018-04-20 15:47:43','Selesai','141402021','27432'),
(145,5,'2018-03-30','2018-03-30','2018-04-20 15:47:45','Selesai','141402021','63381'),
(146,6,'2018-04-02','2018-04-02','2018-04-20 15:47:40','Selesai','141402131','14974'),
(147,8,'2018-04-02','2018-04-02','2018-04-20 15:47:41','Selesai','141402131','24963'),
(148,23,'2018-04-02','2018-04-20','2018-04-20 15:47:32','Selesai','141402131','70007'),
(150,21,'2018-04-12','2018-04-12','2018-04-20 15:47:37','Selesai','141402021','37091'),
(152,22,'2018-04-12','2018-04-20','2018-04-20 15:47:34','Selesai','141402021','57717'),
(154,21,'2018-04-12','2018-04-20','2018-04-20 15:47:35','Selesai','141402021','74722'),
(155,32,'2018-04-12','2018-04-12','2018-04-20 15:47:38','Selesai','141402021','48263'),
(156,33,'2018-04-12','2018-04-12','2018-04-20 17:06:25','Selesai','141402021','25769'),
(157,14,'2018-04-12','2018-04-12','2018-04-20 17:06:28','Selesai','141402021','40484'),
(158,12,'2018-04-20','2018-04-20','2018-04-20 17:07:50','Selesai','141402131','63208'),
(159,13,'2018-04-20','2018-04-20','2018-04-20 17:21:15','Selesai','141402131','81137'),
(160,14,'2018-04-20','2018-04-20','2018-04-20 17:24:04','Selesai','141402131','99996'),
(161,15,'2018-04-20','2018-04-20','2018-04-20 17:36:16','Selesai','141402131','53567'),
(162,16,'2018-04-20','2018-04-20','2018-04-20 17:40:42','Selesai','141402131','12469'),
(163,1,'2018-04-20','2018-04-20','2018-04-20 17:44:27','Selesai','141402131','87472'),
(164,2,'2018-04-20','2018-04-20','2018-04-20 17:44:39','Selesai','141402131','90762'),
(165,4,'2018-04-20','2018-04-20','2018-04-20 17:51:50','Selesai','141402131','23742'),
(166,5,'2018-04-20','2018-04-20','2018-04-20 17:52:03','Selesai','141402131','19375'),
(167,6,'2018-04-20','2018-04-20','2018-04-20 17:53:54','Selesai','141402131','72955'),
(168,7,'2018-04-20','2018-04-20','2018-04-20 17:56:45','Selesai','141402131','61679'),
(169,8,'2018-04-20','2018-04-20','2018-04-20 18:01:31','Selesai','141402131','47509'),
(170,9,'2018-04-20','2018-04-20','2018-04-21 12:23:28','Selesai','141402131','58959'),
(171,10,'2018-04-20','2018-04-20','2018-04-21 12:01:56','Selesai','141402131','12332'),
(172,17,'2018-04-20','2018-04-20','2018-04-21 12:23:31','Selesai','141402131','75402'),
(173,21,'2018-04-20','2018-04-20','2018-04-21 12:05:15','Selesai','141402131','14489'),
(174,22,'2018-04-20','2018-04-20','2018-04-21 12:05:42','Selesai','141402131','30316'),
(175,23,'2018-04-20','2018-04-20','2018-04-21 12:06:28','Selesai','141402131','48306'),
(176,24,'2018-04-20','2018-04-20','2018-04-21 12:07:36','Selesai','141402131','95260'),
(177,25,'2018-04-20','2018-04-20','2018-04-21 12:09:29','Selesai','141402131','82745'),
(178,26,'2018-04-20','2018-04-20','2018-04-21 12:11:41','Selesai','141402131','72583'),
(179,32,'2018-04-20','2018-04-20','2018-04-21 12:13:58','Selesai','141402131','19967'),
(180,27,'2018-04-20','2018-04-20','2018-04-21 12:16:57','Selesai','141402131','86721'),
(181,28,'2018-04-20','2018-04-20','2018-04-21 12:17:19','Selesai','141402131','28210'),
(182,29,'2018-04-20','2018-04-20','2018-04-21 12:18:16','Selesai','141402131','51287'),
(183,30,'2018-04-20','2018-04-20','2018-04-21 12:20:21','Selesai','141402131','18862'),
(184,31,'2018-04-20','2018-04-20','2018-04-21 12:21:43','Selesai','141402131','80148'),
(185,13,'2018-04-20','2018-04-20','2018-04-20 17:23:42','Selesai','141402131','69195'),
(186,15,'2018-04-20','2018-04-20','2018-04-20 17:37:17','Selesai','141402131','58801'),
(187,12,'2018-05-25','2018-05-25','2018-05-25 12:27:09','Selesai','141402039','65435'),
(188,13,'2018-05-25','2018-05-25','2018-05-25 12:27:57','Selesai','141402039','92050'),
(189,14,'2018-05-25','2018-05-25','2018-05-25 12:31:28','Selesai','141402039','28955'),
(190,33,'2018-05-25','2018-05-25','2018-05-25 12:32:49','Selesai','141402039','9841'),
(191,20,'2018-05-25','2018-05-25','2018-05-25 12:35:09','Selesai','141402039','68777'),
(192,15,'2018-05-25','2018-05-25','2018-05-25 12:39:52','Selesai','141402039','82855'),
(193,16,'2018-05-25','2018-05-25','2018-05-25 12:44:07','Selesai','141402039','22018'),
(194,1,'2018-05-25','2018-05-25','2018-05-25 12:46:28','Selesai','141402039','1745'),
(195,2,'2018-05-25','2018-05-25','2018-05-25 12:46:38','Selesai','141402039','15155'),
(196,4,'2018-05-25','2018-05-25','2018-05-25 12:54:34','Selesai','141402039','84194'),
(197,5,'2018-05-25','2018-05-25','2018-05-25 12:54:46','Selesai','141402039','5197'),
(198,6,'2018-05-25','2018-05-25','2018-05-25 12:55:15','Selesai','141402039','19610'),
(200,7,'2018-05-25','2018-05-25','2018-05-25 12:57:53','Selesai','141402039','59603'),
(201,8,'2018-05-25','2018-05-25','2018-05-25 12:59:38','Selesai','141402039','80725'),
(202,9,'2018-05-25','2018-05-25','2018-05-25 13:00:06','Selesai','141402039','4809'),
(203,10,'2018-05-25','2018-05-25','2018-05-25 13:03:56','Selesai','141402039','55459'),
(204,17,'2018-05-25','2018-05-25','2018-05-25 13:06:24','Selesai','141402039','99417'),
(205,21,'2018-05-25','2018-05-25','2018-05-25 13:06:39','Selesai','141402039','99957'),
(206,22,'2018-05-25','2018-05-25','2018-05-25 13:06:51','Selesai','141402039','35076'),
(207,23,'2018-05-25','2018-05-25','2018-05-25 13:07:02','Selesai','141402039','79891'),
(208,23,'2018-05-25',NULL,NULL,'Ditolak','141402039',''),
(209,24,'2018-05-25','2018-05-25','2018-05-25 13:07:28','Selesai','141402039','28710'),
(210,25,'2018-05-25','2018-05-25','2018-05-25 13:07:54','Selesai','141402039','76681'),
(211,26,'2018-05-25','2018-05-25','2018-05-25 13:10:07','Selesai','141402039','67166'),
(212,32,'2018-05-25','2018-05-25','2018-05-25 13:10:36','Selesai','141402039','72521'),
(213,27,'2018-05-25','2018-05-25','2018-05-25 13:13:57','Selesai','141402039','32220'),
(214,28,'2018-05-25','2018-05-25','2018-05-25 13:14:28','Selesai','141402039','61318'),
(215,29,'2018-05-25','2018-05-25','2018-05-25 13:14:59','Selesai','141402039','27828'),
(216,30,'2018-05-25','2018-05-25','2018-05-25 13:15:22','Selesai','141402039','38629'),
(217,31,'2018-05-25','2018-05-25','2018-05-25 13:15:56','Selesai','141402039','60095'),
(218,1,'2018-06-04','2018-06-04',NULL,'On Process','141402131',''),
(219,1,'2018-06-04',NULL,NULL,'Ditolak','141402131',''),
(220,1,'2018-06-04',NULL,NULL,'Ditolak','141402131',''),
(221,28,'2018-06-04','2018-06-04',NULL,'On Process','141402131',''),
(222,17,'2018-06-04',NULL,NULL,'Ditolak','141402131',''),
(225,24,'2018-06-06',NULL,NULL,'Ditolak','141402021',''),
(227,2,'2018-07-25','2018-10-16',NULL,'On Process','141402021',''),
(233,4,'2018-07-25','2018-10-16',NULL,'On Process','141402021',''),
(234,9,'2018-07-25','2018-07-25',NULL,'On Process','141402021',''),
(235,9,'2018-07-25',NULL,NULL,'Ditolak','141402021',''),
(236,9,'2018-07-25',NULL,NULL,'Ditolak','141402021',''),
(238,29,'2018-07-25',NULL,NULL,'Ditolak','141402021',''),
(239,29,'2018-07-25',NULL,NULL,'Ditolak','141402021',''),
(240,1,'2018-07-26','2018-07-26','2018-10-18 06:36:37','','141402131','77801'),
(241,2,'2018-07-26','2018-10-14','2018-10-18 06:36:15','','141402131','36683'),
(242,4,'2018-07-26','2018-07-26','2018-10-18 06:36:21','','141402131','51780'),
(243,5,'2018-07-26','2018-10-14','2018-10-18 06:36:57','','141402131','58567'),
(244,6,'2018-07-26','2018-07-26','2018-10-18 06:37:26','','141402131','9308'),
(245,7,'2018-07-26','2018-07-26','2018-10-18 06:37:40','','141402131','62021'),
(246,8,'2018-07-26','2018-07-26','2018-10-18 06:38:10','','141402131','48106'),
(247,9,'2018-07-26','2018-07-26','2018-10-18 06:38:14','','141402131','81177'),
(248,8,'2018-07-26','2018-10-16','2018-10-18 06:38:39','','141402131','96261'),
(249,9,'2018-07-26',NULL,NULL,'Ditolak','141402131',''),
(250,10,'2018-07-26','2018-07-26','2018-10-18 06:38:50','','141402131','3725'),
(251,17,'2018-07-26','2018-07-26','2018-10-18 06:40:30','','141402131','85960'),
(252,24,'2018-07-26','2018-07-26','2018-10-18 06:40:59','','141402131','95655'),
(253,25,'2018-07-26','2018-07-26',NULL,'On Process','141402131',''),
(254,32,'2018-07-26','2018-07-26',NULL,'On Process','141402131',''),
(255,27,'2018-07-26','2018-10-16',NULL,'On Process','141402131',''),
(256,28,'2018-07-26','2018-07-26',NULL,'On Process','141402131',''),
(257,29,'2018-07-26','2018-07-26',NULL,'On Process','141402131',''),
(258,30,'2018-07-26','2018-07-26',NULL,'On Process','141402131','');

/*Table structure for table `jenis_surat` */

DROP TABLE IF EXISTS `jenis_surat`;

CREATE TABLE `jenis_surat` (
  `id_jenis` int(1) NOT NULL AUTO_INCREMENT,
  `jenis_surat` varchar(225) NOT NULL,
  `terusan` varchar(20) NOT NULL,
  PRIMARY KEY (`id_jenis`)
) ENGINE=InnoDB AUTO_INCREMENT=34 DEFAULT CHARSET=latin1;

/*Data for the table `jenis_surat` */

insert  into `jenis_surat`(`id_jenis`,`jenis_surat`,`terusan`) values 
(1,'Surat Pengajuan Ujian Khusus <br><br><br>','Akademik'),
(2,'Surat Pendaftaran Praktikum <br><br><br>','Akademik'),
(4,'Surat Permohon Akk <br><br><br>','Akademik'),
(5,'Surat Permohonan Mengundurkan Diri <br><br><br>','Akademik'),
(6,'Surat Permohonan Keterlambatan Pembayaran SPP <br><br>','Akademik'),
(7,'Surat Permohonan PKA <br><br><br>','Akademik'),
(8,'Surat Permohonan Membimbing Skripsi/Tugas Akhir <br><br>','Akademik'),
(9,'Surat Pengajuan dan Persetujuan Judul Skripsi <br><br>','Akademik'),
(10,'Surat Permohonan Pra Penelitian <br><br><br>','Akademik'),
(11,'Surat Pengganti Ijazah Hilang <br><br><br>','Kemahasiswaan'),
(12,'Surat Akreditas Program Studi <br><br><br>','Kemahasiswaan'),
(13,'Surat Permohonan Aktif Kuliah <br><br><br>','Kemahasiswaan'),
(14,'Surat Kehilangan KRS <br><br><br>','Kemahasiswaan'),
(15,'Surat Izin Tidak Mengikuti Perkuliahan <br><br><br>','Kemahasiswaan'),
(16,'Surat Aktif Kuliah untuk Biaya Tanggungan Orang Tua <br><br>','Kemahasiswaan'),
(17,'Surat Permohonan Izin Penelitian <br><br><br>','Akademik '),
(18,'Surat Pengajuan Judul Tugas Akhir <br><br><br>','Akademik'),
(19,'Bantuan Beasiswa BBM dan PPA <br><br><br>','-'),
(20,'Surat Kehilangan KTM <br><br><br>','Kemahasiswaan'),
(21,'Surat Keterangan Nilai <br><br><br>','Akademik'),
(22,'Surat Permohonan Pengambilan Ijazah/Transkrip Nilai <br><br>','Akademik'),
(23,'Surat Keterangan Pengambilan Transkrip Nilai Sementara <br><br>','Akademik'),
(24,'Surat Permohonan Magang <br><br><br>','Akademik'),
(25,'Surat Permohonan Undangan Seminar Proposal Dosen Penguji Skripsi/Tugas Akhir','Akademik'),
(26,'Surat Permohonan Undangan Seminar Proposal Dosen Pembimbing Skripsi/Tugas AKhir','Akademik'),
(27,'Surat Permohonan Berhak Mengikuti Ujian Skripsi/Komprehensif/Tugas Akhir<br><br>','Akademik'),
(28,'Surat Permohonan Bukti Penyerahan Skripsi <br><br>','Akademik'),
(29,'Surat Permohonan Keterangan Alumni  <br><br><br>','Akademik'),
(30,'Surat Permohonan Penerbitan Karya Ilmiah/Jurnal <br><br>','Akademik'),
(31,'Surat Permohonan Keterangan Tanda Lulus <br><br>','Akademik'),
(32,'Surat Permohonan Undangan Ujian Meja Hijau/Komprehensif/Tugas Akhir <br><br>','Akademik'),
(33,'Surat Kehilangan KHS <br><br><br>','Kemahasiswaan');

/*Table structure for table `log_pegawai` */

DROP TABLE IF EXISTS `log_pegawai`;

CREATE TABLE `log_pegawai` (
  `id` int(9) NOT NULL AUTO_INCREMENT,
  `isi_log` text NOT NULL,
  `tanggal` timestamp NOT NULL DEFAULT CURRENT_TIMESTAMP ON UPDATE CURRENT_TIMESTAMP,
  PRIMARY KEY (`id`)
) ENGINE=InnoDB AUTO_INCREMENT=262 DEFAULT CHARSET=latin1;

/*Data for the table `log_pegawai` */

insert  into `log_pegawai`(`id`,`isi_log`,`tanggal`) values 
(28,'Fakultas Akademik telah menolak Surat Pengajuan Ujian Khusus milik Ridho  Fariha','2018-01-31 22:14:24'),
(29,'Fakultas Akademik telah memeroses Surat Pengajuan Ujian Khusus milik Ridho  Fariha','2018-01-31 22:17:25'),
(30,'Fakultas Akademik telah memeroses Surat Permohonan Transkrip Nilai Sementara milik Ridho  Fariha','2018-02-18 12:12:40'),
(31,'Fakultas Akademik telah memeroses Surat Permohon Akk milik Ridho  Fariha','2018-02-18 12:15:22'),
(32,'Fakultas Akademik telah selesai membuat Surat Permohonan Transkrip Nilai Sementara milik Ridho  Fariha','2018-02-18 12:34:40'),
(33,'Fakultas Kemahasiswaan telah memeroses Surat Kehilangan milik Afzalur  Rahmah','2018-02-18 15:36:10'),
(34,'Fakultas Kemahasiswaan telah selesai membuat Surat Kehilangan milik Afzalur  Rahmah','2018-02-18 15:38:31'),
(35,'Fakultas Kemahasiswaan telah memeroses Surat Kehilangan KRS/KHS/KTM milik Afzalur  Rahmah','2018-02-18 15:46:36'),
(36,'Fakultas Kemahasiswaan telah selesai membuat Surat Kehilangan KRS/KHS/KTM milik Afzalur  Rahmah','2018-02-18 16:12:21'),
(37,'Fakultas Akademik telah memeroses Surat Keterangan Pengambilan Transkrip Nilai Sementara  milik Ridho  Fariha','2018-02-18 17:12:40'),
(38,'Fakultas Akademik telah memeroses Surat Permohonan Pengambilan Ijazah milik Ridho  Fariha','2018-02-18 17:12:43'),
(39,'Fakultas Akademik telah selesai membuat Surat Permohonan Pengambilan Ijazah milik Ridho  Fariha','2018-02-18 18:16:04'),
(40,'Fakultas Akademik telah selesai membuat Surat Permohonan Pengambilan Ijazah milik Ridho  Fariha','2018-02-18 18:16:07'),
(41,'Fakultas Akademik telah selesai membuat Surat Permohonan Pengambilan Ijazah milik Ridho  Fariha','2018-02-18 18:16:12'),
(42,'Fakultas Akademik telah selesai membuat Surat Keterangan Pengambilan Transkrip Nilai Sementara  milik Ridho  Fariha','2018-02-18 18:17:35'),
(43,'Fakultas Akademik telah selesai membuat Surat Pengajuan Ujian Khusus milik Ridho  Fariha','2018-02-18 18:17:40'),
(44,'Ilmu Politik telah memeroses Surat Kehilangan KRS/KHS/KTM milik Ridho  Fariha','2018-02-19 15:08:49'),
(45,'Ilmu Politik telah selesai membuat Surat Kehilangan KRS/KHS/KTM milik Ridho  Fariha','2018-02-19 15:08:59'),
(46,'Fakultas Akademik telah selesai membuat Surat Permohonan Transkrip Nilai Sementara milik Ridho  Fariha','2018-02-19 15:09:34'),
(47,'Ilmu Politik telah memeroses Surat Kehilangan KRS/KHS/KTM milik Ridho  Fariha','2018-02-19 15:24:31'),
(48,'Ilmu Administrasi Bisnis telah memeroses Surat Permohonan Mengundurkan Diri milik Afzalur  Rahmah','2018-02-19 15:40:39'),
(49,'Ilmu Administrasi Bisnis telah selesai membuat Surat Permohonan Mengundurkan Diri milik Afzalur  Rahmah','2018-02-19 15:41:36'),
(50,'Antropologi telah memeroses Surat Permohonan Undangan Seminar Proposal Dosen Pembimbing Skripsi/Tugas AKhir milik Ridho  Fariha','2018-03-01 15:31:03'),
(51,'Antropologi telah memeroses Surat Permohonan Magang / Praktek Internship milik Ridho  Fariha','2018-03-01 15:37:20'),
(52,'Sosiologi telah memeroses Surat Permohonan Undangan Seminar Proposal Dosen Penguji Skripsi/Tugas Akhir milik Muhammad  Isa Dadi Hasibuan','2018-03-01 15:45:42'),
(53,'Sosiologi telah memeroses Surat Permohonan Bukti Penyerahan Skripsi  milik Muhammad  Isa Dadi Hasibuan','2018-03-01 15:48:00'),
(54,'Sosiologi telah memeroses Surat Permohonan Keterangan Alumni milik Muhammad  Isa Dadi Hasibuan','2018-03-01 15:50:33'),
(55,'Fakultas Akademik telah memeroses Surat Permohonan Penerbitan Karya Ilmiah/Jurnal milik Muhammad  Isa Dadi Hasibuan','2018-03-01 15:55:16'),
(56,'Fakultas Kemahasiswaan telah memeroses Surat Kehilangan KRS/KHS/KTM milik MHD  IBRAHIM LUBIS','2018-03-02 02:21:32'),
(57,'Fakultas Kemahasiswaan telah selesai membuat Surat Kehilangan KRS/KHS/KTM milik MHD  IBRAHIM LUBIS','2018-03-02 02:23:34'),
(58,'Antropologi telah memeroses Surat Pendaftaran Praktikum milik Ridho  Fariha','2018-03-04 20:29:04'),
(59,'Antropologi telah selesai membuat Surat Pendaftaran Praktikum milik Ridho  Fariha','2018-03-04 20:29:28'),
(60,'Fakultas Akademik telah memeroses Surat Permohonan Mengundurkan Diri milik Ridho  Fariha','2018-03-04 20:36:51'),
(61,'Antropologi telah menolak Surat Permohonan Mengundurkan Diri milik Ridho  Fariha','2018-03-07 11:11:34'),
(62,'Fakultas Kemahasiswaan telah memeroses Surat Akreditas Program Studi milik Ridho  Fariha','2018-03-30 11:35:14'),
(63,'Fakultas Kemahasiswaan telah memeroses Surat Permohonan Aktif Kuliah  milik Ridho  Fariha','2018-03-30 11:50:01'),
(64,'Fakultas Kemahasiswaan telah menolak Surat Izin Tidak Mengikuti Perkuliahan milik Ridho  Fariha','2018-03-30 11:54:39'),
(65,'Fakultas Kemahasiswaan telah memeroses Surat Permohonan Aktif Kuliah  milik Ridho  Fariha','2018-03-30 12:03:54'),
(66,'Fakultas Kemahasiswaan telah memeroses Surat Aktif Kuliah untuk Biaya Tanggungan Orang Tua milik Ridho  Fariha','2018-03-30 12:07:12'),
(67,'Fakultas Akademik telah memeroses Surat Pengajuan dan Persetujuan Judul Skripsi milik Ridho  Fariha','2018-03-30 13:50:03'),
(68,'Antropologi telah memeroses Surat Pengajuan dan Persetujuan Judul Skripsi milik Ridho  Fariha','2018-03-30 14:10:20'),
(69,'Fakultas Akademik telah memeroses Surat Permohonan Mengundurkan Diri milik Ridho  Fariha','2018-03-30 15:19:49'),
(70,'Fakultas Akademik telah memeroses Surat Pembayaran SPP <br><br><br> milik NABILA  DEANNA','2018-04-02 13:37:52'),
(71,'Fakultas Akademik telah memeroses Surat Permohonan Membimbing Skripsi <br><br><br> milik NABILA  DEANNA','2018-04-02 14:06:57'),
(72,'Fakultas Akademik telah memeroses Surat Pendaftaran Praktikum <br><br><br> milik Ridho  Fariha','2018-04-12 13:37:32'),
(73,'Fakultas Akademik telah memeroses Surat Permohonan Transkrip Nilai Sementara <br><br><br> milik Ridho  Fariha','2018-04-12 13:56:02'),
(74,'Fakultas Akademik telah memeroses Surat Permohonan Undangan Ujian Meja Hijau/Komprehensif/Tugas Akhir milik Ridho  Fariha','2018-04-12 14:31:12'),
(75,'Fakultas Kemahasiswaan telah memeroses Surat Kehilangan KHS <br><br><br> milik Ridho  Fariha','2018-04-12 15:08:48'),
(76,'Fakultas Kemahasiswaan telah memeroses Surat Kehilangan KRS <br><br><br> milik Ridho  Fariha','2018-04-12 15:09:40'),
(77,'Fakultas Akademik telah memeroses Surat Permohonan Pengambilan Ijazah <br><br><br> milik Ridho  Fariha','2018-04-20 15:41:32'),
(78,'Fakultas Akademik telah memeroses Surat Permohonan Transkrip Nilai Sementara <br><br> milik Ridho  Fariha','2018-04-20 15:41:35'),
(79,'Fakultas Akademik telah memeroses Surat Keterangan Pengambilan Transkrip Nilai Sementara  milik NABILA  DEANNA','2018-04-20 15:41:36'),
(80,'Fakultas Akademik telah memeroses Surat Permohonan Magang / Praktek Internship <br><br> milik Ridho  Fariha','2018-04-20 15:41:38'),
(81,'Fakultas Akademik telah memeroses Surat Permohon Akk <br><br><br> milik MHD  IBRAHIM LUBIS','2018-04-20 15:41:39'),
(82,'Fakultas Akademik telah memeroses Surat Permohonan Mengundurkan Diri <br><br><br> milik Ridho  Fariha','2018-04-20 15:41:41'),
(83,'Fakultas Akademik telah memeroses Surat Permohon Akk <br><br><br> milik Ridho  Fariha','2018-04-20 15:41:42'),
(84,'Fakultas Akademik telah memeroses Surat Permohonan Mengundurkan Diri <br><br><br> milik Muhammad  Isa Dadi Hasibuan','2018-04-20 15:41:43'),
(85,'Fakultas Akademik telah memeroses Surat Pengajuan Ujian Khusus <br><br><br> milik Ridho  Fariha','2018-04-20 15:41:45'),
(86,'Fakultas Akademik telah memeroses Surat Pengajuan Ujian Khusus <br><br><br> milik Ridho  Fariha','2018-04-20 15:41:45'),
(87,'Fakultas Akademik telah memeroses Surat Pengajuan dan Persetujuan Judul Skripsi <br><br> milik Ridho  Fariha','2018-04-20 15:41:47'),
(88,'Fakultas Akademik telah selesai membuat Surat Pengajuan dan Persetujuan Judul Skripsi <br><br> milik Ridho  Fariha','2018-04-20 15:41:53'),
(89,'Fakultas Akademik telah selesai membuat Surat Pengajuan Ujian Khusus <br><br><br> milik Ridho  Fariha','2018-04-20 15:41:54'),
(90,'Fakultas Akademik telah selesai membuat Surat Permohonan Mengundurkan Diri <br><br><br> milik Ridho  Fariha','2018-04-20 15:41:56'),
(91,'Fakultas Akademik telah selesai membuat Surat Permohon Akk <br><br><br> milik Ridho  Fariha','2018-04-20 15:43:04'),
(92,'Fakultas Akademik telah selesai membuat Surat Permohonan Mengundurkan Diri <br><br><br> milik Muhammad  Isa Dadi Hasibuan','2018-04-20 15:43:08'),
(93,'Fakultas Akademik telah selesai membuat Surat Permohonan Magang / Praktek Internship <br><br> milik Ridho  Fariha','2018-04-20 15:47:27'),
(94,'Fakultas Akademik telah selesai membuat Surat Permohon Akk <br><br><br> milik MHD  IBRAHIM LUBIS','2018-04-20 15:47:31'),
(95,'Fakultas Akademik telah selesai membuat Surat Keterangan Pengambilan Transkrip Nilai Sementara <br><br> milik NABILA  DEANNA','2018-04-20 15:47:32'),
(96,'Fakultas Akademik telah selesai membuat Surat Permohonan Pengambilan Ijazah <br><br><br> milik Ridho  Fariha','2018-04-20 15:47:34'),
(97,'Fakultas Akademik telah selesai membuat Surat Permohonan Transkrip Nilai Sementara <br><br> milik Ridho  Fariha','2018-04-20 15:47:35'),
(98,'Fakultas Akademik telah selesai membuat Surat Pendaftaran Praktikum <br><br><br> milik Ridho  Fariha','2018-04-20 15:47:36'),
(99,'Fakultas Akademik telah selesai membuat Surat Permohonan Transkrip Nilai Sementara <br><br> milik Ridho  Fariha','2018-04-20 15:47:37'),
(100,'Fakultas Akademik telah selesai membuat Surat Permohonan Undangan Ujian Meja Hijau/Komprehensif/Tugas Akhir <br><br> milik Ridho  Fariha','2018-04-20 15:47:39'),
(101,'Fakultas Akademik telah selesai membuat Surat Pembayaran SPP <br><br><br> milik NABILA  DEANNA','2018-04-20 15:47:40'),
(102,'Fakultas Akademik telah selesai membuat Surat Permohonan Membimbing Skripsi <br><br><br> milik NABILA  DEANNA','2018-04-20 15:47:41'),
(103,'Fakultas Akademik telah selesai membuat Surat Pengajuan dan Persetujuan Judul Skripsi <br><br> milik Ridho  Fariha','2018-04-20 15:47:42'),
(104,'Fakultas Akademik telah selesai membuat Surat Pengajuan dan Persetujuan Judul Skripsi <br><br> milik Ridho  Fariha','2018-04-20 15:47:43'),
(105,'Fakultas Akademik telah selesai membuat Surat Permohonan Mengundurkan Diri <br><br><br> milik Ridho  Fariha','2018-04-20 15:47:45'),
(106,'Fakultas Akademik telah selesai membuat Surat Permohonan Mengundurkan Diri <br><br><br> milik Ridho  Fariha','2018-04-20 15:47:46'),
(107,'Fakultas Akademik telah selesai membuat Surat Permohonan Undangan Seminar Proposal Dosen Pembimbing Skripsi/Tugas AKhir milik Ridho  Fariha','2018-04-20 15:47:48'),
(108,'Fakultas Akademik telah selesai membuat Surat Permohonan Magang / Praktek Internship <br><br> milik Ridho  Fariha','2018-04-20 15:47:49'),
(109,'Fakultas Akademik telah selesai membuat Surat Permohonan Undangan Seminar Proposal Dosen Penguji Skripsi/Tugas Akhir milik Muhammad  Isa Dadi Hasibuan','2018-04-20 15:48:08'),
(110,'Fakultas Akademik telah selesai membuat Surat Permohonan Bukti Penyerahan Skripsi <br><br> milik Muhammad  Isa Dadi Hasibuan','2018-04-20 15:48:11'),
(111,'Fakultas Akademik telah selesai membuat Surat Permohonan Keterangan Alumni  <br><br><br> milik Muhammad  Isa Dadi Hasibuan','2018-04-20 15:48:13'),
(112,'Fakultas Akademik telah selesai membuat Surat Permohonan Penerbitan Karya Ilmiah/Jurnal <br><br> milik Muhammad  Isa Dadi Hasibuan','2018-04-20 15:48:15'),
(113,'Fakultas Akademik telah selesai membuat Surat Permohon Akk <br><br><br> milik Ridho  Fariha','2018-04-20 15:48:23'),
(114,'Fakultas Kemahasiswaan telah selesai membuat Surat Kehilangan KHS <br><br><br> milik Ridho  Fariha','2018-04-20 17:06:25'),
(115,'Fakultas Kemahasiswaan telah selesai membuat Surat Kehilangan KRS <br><br><br> milik Ridho  Fariha','2018-04-20 17:06:28'),
(116,'Fakultas Kemahasiswaan telah selesai membuat Surat Akreditas Program Studi <br><br><br> milik Ridho  Fariha','2018-04-20 17:06:29'),
(117,'Fakultas Kemahasiswaan telah selesai membuat Surat Permohonan Aktif Kuliah <br><br><br> milik Ridho  Fariha','2018-04-20 17:06:30'),
(118,'Fakultas Kemahasiswaan telah selesai membuat Surat Permohonan Aktif Kuliah <br><br><br> milik Ridho  Fariha','2018-04-20 17:06:31'),
(119,'Fakultas Kemahasiswaan telah selesai membuat Surat Aktif Kuliah untuk Biaya Tanggungan Orang Tua <br><br> milik Ridho  Fariha','2018-04-20 17:06:32'),
(120,'Fakultas Kemahasiswaan telah selesai membuat Surat Kehilangan KTM <br><br><br> milik Ridho  Fariha','2018-04-20 17:06:33'),
(121,'Fakultas Kemahasiswaan telah memeroses Surat Akreditas Program Studi <br><br><br> milik NABILA  DEANNA','2018-04-20 17:06:40'),
(122,'Fakultas Kemahasiswaan telah memeroses Surat Permohonan Aktif Kuliah <br><br><br> milik NABILA  DEANNA','2018-04-20 17:06:42'),
(123,'Fakultas Kemahasiswaan telah memeroses Surat Kehilangan KRS <br><br><br> milik NABILA  DEANNA','2018-04-20 17:06:44'),
(124,'Fakultas Kemahasiswaan telah memeroses Surat Izin Tidak Mengikuti Perkuliahan <br><br><br> milik NABILA  DEANNA','2018-04-20 17:06:45'),
(125,'Fakultas Kemahasiswaan telah memeroses Surat Aktif Kuliah untuk Biaya Tanggungan Orang Tua <br><br> milik NABILA  DEANNA','2018-04-20 17:06:47'),
(126,'Fakultas Kemahasiswaan telah selesai membuat Surat Akreditas Program Studi <br><br><br> milik NABILA  DEANNA','2018-04-20 17:07:50'),
(127,'Fakultas Kemahasiswaan telah selesai membuat Surat Permohonan Aktif Kuliah <br><br><br> milik NABILA  DEANNA','2018-04-20 17:21:15'),
(128,'Fakultas Kemahasiswaan telah memeroses Surat Permohonan Aktif Kuliah <br><br><br> milik NABILA  DEANNA','2018-04-20 17:21:43'),
(129,'Fakultas Kemahasiswaan telah selesai membuat Surat Permohonan Aktif Kuliah <br><br><br> milik NABILA  DEANNA','2018-04-20 17:23:42'),
(130,'Fakultas Kemahasiswaan telah selesai membuat Surat Kehilangan KRS <br><br><br> milik NABILA  DEANNA','2018-04-20 17:24:04'),
(131,'Fakultas Kemahasiswaan telah selesai membuat Surat Izin Tidak Mengikuti Perkuliahan <br><br><br> milik NABILA  DEANNA','2018-04-20 17:36:16'),
(132,'Fakultas Kemahasiswaan telah memeroses Surat Izin Tidak Mengikuti Perkuliahan <br><br><br> milik NABILA  DEANNA','2018-04-20 17:36:36'),
(133,'Fakultas Kemahasiswaan telah selesai membuat Surat Izin Tidak Mengikuti Perkuliahan <br><br><br> milik NABILA  DEANNA','2018-04-20 17:37:17'),
(134,'Fakultas Kemahasiswaan telah selesai membuat Surat Aktif Kuliah untuk Biaya Tanggungan Orang Tua <br><br> milik NABILA  DEANNA','2018-04-20 17:40:42'),
(135,'Fakultas Akademik telah memeroses Surat Pengajuan Ujian Khusus <br><br><br> milik NABILA  DEANNA','2018-04-20 17:41:09'),
(136,'Fakultas Akademik telah memeroses Surat Pendaftaran Praktikum <br><br><br> milik NABILA  DEANNA','2018-04-20 17:41:12'),
(137,'Fakultas Akademik telah memeroses Surat Permohon Akk <br><br><br> milik NABILA  DEANNA','2018-04-20 17:41:14'),
(138,'Fakultas Akademik telah memeroses Surat Permohonan Mengundurkan Diri <br><br><br> milik NABILA  DEANNA','2018-04-20 17:41:15'),
(139,'Fakultas Akademik telah memeroses Surat Pembayaran SPP <br><br><br> milik NABILA  DEANNA','2018-04-20 17:41:16'),
(140,'Fakultas Akademik telah memeroses Surat Permohonan PKA <br><br><br> milik NABILA  DEANNA','2018-04-20 17:41:18'),
(141,'Fakultas Akademik telah memeroses Surat Permohonan Membimbing Skripsi <br><br><br> milik NABILA  DEANNA','2018-04-20 17:41:19'),
(142,'Fakultas Akademik telah memeroses Surat Pengajuan dan Persetujuan Judul Skripsi <br><br> milik NABILA  DEANNA','2018-04-20 17:41:20'),
(143,'Fakultas Akademik telah memeroses Surat Permohonan Pra Penelitian dan Penelitian <br> milik NABILA  DEANNA','2018-04-20 17:41:21'),
(144,'Fakultas Akademik telah memeroses Surat Permohonan Izin Penelitian <br><br><br> milik NABILA  DEANNA','2018-04-20 17:41:23'),
(145,'Fakultas Akademik telah memeroses Surat Permohonan Transkrip Nilai Sementara <br><br> milik NABILA  DEANNA','2018-04-20 17:41:23'),
(146,'Fakultas Akademik telah memeroses Surat Permohonan Pengambilan Ijazah <br><br><br> milik NABILA  DEANNA','2018-04-20 17:41:25'),
(147,'Fakultas Akademik telah memeroses Surat Keterangan Pengambilan Transkrip Nilai Sementara <br><br> milik NABILA  DEANNA','2018-04-20 17:41:26'),
(148,'Fakultas Akademik telah memeroses Surat Permohonan Magang / Praktek Internship <br><br> milik NABILA  DEANNA','2018-04-20 17:41:26'),
(149,'Fakultas Akademik telah memeroses Surat Permohonan Undangan Seminar Proposal Dosen Penguji Skripsi/Tugas Akhir milik NABILA  DEANNA','2018-04-20 17:41:27'),
(150,'Fakultas Akademik telah memeroses Surat Permohonan Undangan Seminar Proposal Dosen Pembimbing Skripsi/Tugas AKhir milik NABILA  DEANNA','2018-04-20 17:41:28'),
(151,'Fakultas Akademik telah memeroses Surat Permohonan Undangan Ujian Meja Hijau/Komprehensif/Tugas Akhir <br><br> milik NABILA  DEANNA','2018-04-20 17:41:29'),
(152,'Fakultas Akademik telah memeroses Surat Permohonan Berhak Mengikuti Ujian Skripsi/Komprehensif/Tugas Akhir milik NABILA  DEANNA','2018-04-20 17:41:30'),
(153,'Fakultas Akademik telah memeroses Surat Permohonan Bukti Penyerahan Skripsi <br><br> milik NABILA  DEANNA','2018-04-20 17:41:33'),
(154,'Fakultas Akademik telah memeroses Surat Permohonan Keterangan Alumni  <br><br><br> milik NABILA  DEANNA','2018-04-20 17:41:34'),
(155,'Fakultas Akademik telah memeroses Surat Permohonan Penerbitan Karya Ilmiah/Jurnal <br><br> milik NABILA  DEANNA','2018-04-20 17:41:35'),
(156,'Fakultas Akademik telah memeroses Surat Permohonan Keterangan Tanda Lulus <br><br><br> milik NABILA  DEANNA','2018-04-20 17:41:37'),
(157,'Fakultas Akademik telah selesai membuat Surat Pengajuan Ujian Khusus <br><br><br> milik NABILA  DEANNA','2018-04-20 17:44:27'),
(158,'Fakultas Akademik telah selesai membuat Surat Pendaftaran Praktikum <br><br><br> milik NABILA  DEANNA','2018-04-20 17:44:39'),
(159,'Fakultas Akademik telah selesai membuat Surat Permohon Akk <br><br><br> milik NABILA  DEANNA','2018-04-20 17:51:50'),
(160,'Fakultas Akademik telah selesai membuat Surat Permohonan Mengundurkan Diri <br><br><br> milik NABILA  DEANNA','2018-04-20 17:52:03'),
(161,'Fakultas Akademik telah selesai membuat Surat Pembayaran SPP <br><br><br> milik NABILA  DEANNA','2018-04-20 17:53:54'),
(162,'Fakultas Akademik telah selesai membuat Surat Permohonan PKA <br><br><br> milik NABILA  DEANNA','2018-04-20 17:56:45'),
(163,'Fakultas Akademik telah selesai membuat Surat Permohonan Membimbing Skripsi <br><br><br> milik NABILA  DEANNA','2018-04-20 18:01:31'),
(164,'Fakultas Akademik telah selesai membuat Surat Permohonan Pra Penelitian dan Penelitian <br><br> milik NABILA  DEANNA','2018-04-21 12:01:56'),
(165,'Fakultas Akademik telah selesai membuat Surat Permohonan Transkrip Nilai Sementara <br><br> milik NABILA  DEANNA','2018-04-21 12:05:15'),
(166,'Fakultas Akademik telah selesai membuat Surat Permohonan Pengambilan Ijazah <br><br><br> milik NABILA  DEANNA','2018-04-21 12:05:42'),
(167,'Fakultas Akademik telah selesai membuat Surat Keterangan Pengambilan Transkrip Nilai Sementara <br><br> milik NABILA  DEANNA','2018-04-21 12:06:28'),
(168,'Fakultas Akademik telah selesai membuat Surat Permohonan Magang / Praktek Internship <br><br> milik NABILA  DEANNA','2018-04-21 12:07:36'),
(169,'Fakultas Akademik telah selesai membuat Surat Permohonan Undangan Seminar Proposal Dosen Penguji Skripsi/Tugas Akhir milik NABILA  DEANNA','2018-04-21 12:09:29'),
(170,'Fakultas Akademik telah selesai membuat Surat Permohonan Undangan Seminar Proposal Dosen Pembimbing Skripsi/Tugas AKhir milik NABILA  DEANNA','2018-04-21 12:11:41'),
(171,'Fakultas Akademik telah selesai membuat Surat Permohonan Undangan Ujian Meja Hijau/Komprehensif/Tugas Akhir <br><br> milik NABILA  DEANNA','2018-04-21 12:13:58'),
(172,'Fakultas Akademik telah selesai membuat Surat Permohonan Berhak Mengikuti Ujian Skripsi/Komprehensif/Tugas Akhir<br><br> milik NABILA  DEANNA','2018-04-21 12:16:57'),
(173,'Fakultas Akademik telah selesai membuat Surat Permohonan Bukti Penyerahan Skripsi <br><br> milik NABILA  DEANNA','2018-04-21 12:17:19'),
(174,'Fakultas Akademik telah selesai membuat Surat Permohonan Keterangan Alumni  <br><br><br> milik NABILA  DEANNA','2018-04-21 12:18:16'),
(175,'Fakultas Akademik telah selesai membuat Surat Permohonan Penerbitan Karya Ilmiah/Jurnal <br><br> milik NABILA  DEANNA','2018-04-21 12:20:21'),
(176,'Fakultas Akademik telah selesai membuat Surat Permohonan Keterangan Tanda Lulus <br><br> milik NABILA  DEANNA','2018-04-21 12:21:43'),
(177,'Fakultas Akademik telah selesai membuat Surat Pengajuan dan Persetujuan Judul Skripsi <br><br> milik NABILA  DEANNA','2018-04-21 12:23:28'),
(178,'Fakultas Akademik telah selesai membuat Surat Permohonan Izin Penelitian <br><br><br> milik NABILA  DEANNA','2018-04-21 12:23:31'),
(179,'Fakultas Kemahasiswaan telah memeroses Surat Akreditas Program Studi <br><br><br> milik Muhammad  Isa Dadi Hasibuan','2018-05-25 12:24:30'),
(180,'Fakultas Kemahasiswaan telah memeroses Surat Permohonan Aktif Kuliah <br><br><br> milik Muhammad  Isa Dadi Hasibuan','2018-05-25 12:24:33'),
(181,'Fakultas Kemahasiswaan telah memeroses Surat Kehilangan KRS <br><br><br> milik Muhammad  Isa Dadi Hasibuan','2018-05-25 12:24:35'),
(182,'Fakultas Kemahasiswaan telah memeroses Surat Kehilangan KHS <br><br><br> milik Muhammad  Isa Dadi Hasibuan','2018-05-25 12:24:38'),
(183,'Fakultas Kemahasiswaan telah memeroses Surat Kehilangan KTM <br><br><br> milik Muhammad  Isa Dadi Hasibuan','2018-05-25 12:24:40'),
(184,'Fakultas Kemahasiswaan telah memeroses Surat Izin Tidak Mengikuti Perkuliahan <br><br><br> milik Muhammad  Isa Dadi Hasibuan','2018-05-25 12:24:41'),
(185,'Fakultas Kemahasiswaan telah memeroses Surat Aktif Kuliah untuk Biaya Tanggungan Orang Tua <br><br> milik Muhammad  Isa Dadi Hasibuan','2018-05-25 12:24:43'),
(186,'Fakultas Kemahasiswaan telah selesai membuat Surat Akreditas Program Studi <br><br><br> milik Muhammad  Isa Dadi Hasibuan','2018-05-25 12:27:09'),
(187,'Fakultas Kemahasiswaan telah selesai membuat Surat Permohonan Aktif Kuliah <br><br><br> milik Muhammad  Isa Dadi Hasibuan','2018-05-25 12:27:57'),
(188,'Fakultas Kemahasiswaan telah selesai membuat Surat Kehilangan KRS <br><br><br> milik Muhammad  Isa Dadi Hasibuan','2018-05-25 12:31:28'),
(189,'Fakultas Kemahasiswaan telah selesai membuat Surat Kehilangan KHS <br><br><br> milik Muhammad  Isa Dadi Hasibuan','2018-05-25 12:32:49'),
(190,'Fakultas Kemahasiswaan telah selesai membuat Surat Kehilangan KTM <br><br><br> milik Muhammad  Isa Dadi Hasibuan','2018-05-25 12:35:09'),
(191,'Fakultas Kemahasiswaan telah selesai membuat Surat Izin Tidak Mengikuti Perkuliahan <br><br><br> milik Muhammad  Isa Dadi Hasibuan','2018-05-25 12:39:52'),
(192,'Fakultas Kemahasiswaan telah selesai membuat Surat Aktif Kuliah untuk Biaya Tanggungan Orang Tua <br><br> milik Muhammad  Isa Dadi Hasibuan','2018-05-25 12:44:07'),
(193,'Fakultas Akademik telah memeroses Surat Pengajuan Ujian Khusus <br><br><br> milik Muhammad  Isa Dadi Hasibuan','2018-05-25 12:44:38'),
(194,'Fakultas Akademik telah memeroses Surat Pendaftaran Praktikum <br><br><br> milik Muhammad  Isa Dadi Hasibuan','2018-05-25 12:44:40'),
(195,'Fakultas Akademik telah memeroses Surat Permohon Akk <br><br><br> milik Muhammad  Isa Dadi Hasibuan','2018-05-25 12:44:42'),
(196,'Fakultas Akademik telah memeroses Surat Permohonan Mengundurkan Diri <br><br><br> milik Muhammad  Isa Dadi Hasibuan','2018-05-25 12:44:46'),
(197,'Fakultas Akademik telah memeroses Surat Pembayaran SPP <br><br><br> milik Muhammad  Isa Dadi Hasibuan','2018-05-25 12:44:47'),
(198,'Fakultas Akademik telah memeroses Surat Permohonan PKA <br><br><br> milik Muhammad  Isa Dadi Hasibuan','2018-05-25 12:44:50'),
(199,'Fakultas Akademik telah memeroses Surat Permohonan Membimbing Skripsi <br><br><br> milik Muhammad  Isa Dadi Hasibuan','2018-05-25 12:44:52'),
(200,'Fakultas Akademik telah memeroses Surat Pengajuan dan Persetujuan Judul Skripsi <br><br> milik Muhammad  Isa Dadi Hasibuan','2018-05-25 12:44:54'),
(201,'Fakultas Akademik telah memeroses Surat Permohonan Pra Penelitian <br><br> milik Muhammad  Isa Dadi Hasibuan','2018-05-25 12:44:56'),
(202,'Fakultas Akademik telah memeroses Surat Permohonan Izin Penelitian <br><br><br> milik Muhammad  Isa Dadi Hasibuan','2018-05-25 12:44:58'),
(203,'Fakultas Akademik telah memeroses Surat Permohonan Transkrip Nilai Sementara <br><br> milik Muhammad  Isa Dadi Hasibuan','2018-05-25 12:45:00'),
(204,'Fakultas Akademik telah memeroses Surat Permohonan Pengambilan Ijazah <br><br><br> milik Muhammad  Isa Dadi Hasibuan','2018-05-25 12:45:01'),
(205,'Fakultas Akademik telah memeroses Surat Keterangan Pengambilan Transkrip Nilai Sementara <br><br> milik Muhammad  Isa Dadi Hasibuan','2018-05-25 12:45:04'),
(206,'Fakultas Akademik telah memeroses Surat Permohonan Magang / Praktek Internship <br><br> milik Muhammad  Isa Dadi Hasibuan','2018-05-25 12:45:07'),
(207,'Fakultas Akademik telah memeroses Surat Permohonan Undangan Seminar Proposal Dosen Penguji Skripsi/Tugas Akhir milik Muhammad  Isa Dadi Hasibuan','2018-05-25 12:45:10'),
(208,'Fakultas Akademik telah memeroses Surat Permohonan Undangan Seminar Proposal Dosen Pembimbing Skripsi/Tugas AKhir milik Muhammad  Isa Dadi Hasibuan','2018-05-25 12:45:12'),
(209,'Fakultas Akademik telah memeroses Surat Permohonan Undangan Ujian Meja Hijau/Komprehensif/Tugas Akhir <br><br> milik Muhammad  Isa Dadi Hasibuan','2018-05-25 12:45:15'),
(210,'Fakultas Akademik telah memeroses Surat Permohonan Berhak Mengikuti Ujian Skripsi/Komprehensif/Tugas Akhir<br><br> milik Muhammad  Isa Dadi Hasibuan','2018-05-25 12:45:17'),
(211,'Fakultas Akademik telah memeroses Surat Permohonan Bukti Penyerahan Skripsi <br><br> milik Muhammad  Isa Dadi Hasibuan','2018-05-25 12:45:21'),
(212,'Fakultas Akademik telah memeroses Surat Permohonan Keterangan Alumni  <br><br><br> milik Muhammad  Isa Dadi Hasibuan','2018-05-25 12:45:23'),
(213,'Fakultas Akademik telah memeroses Surat Permohonan Penerbitan Karya Ilmiah/Jurnal <br><br> milik Muhammad  Isa Dadi Hasibuan','2018-05-25 12:45:24'),
(214,'Fakultas Akademik telah memeroses Surat Permohonan Keterangan Tanda Lulus <br><br> milik Muhammad  Isa Dadi Hasibuan','2018-05-25 12:45:26'),
(215,'Fakultas Akademik telah menolak Surat Keterangan Pengambilan Transkrip Nilai Sementara <br><br> milik Muhammad  Isa Dadi Hasibuan','2018-05-25 12:45:34'),
(216,'Fakultas Akademik telah selesai membuat Surat Pengajuan Ujian Khusus <br><br><br> milik Muhammad  Isa Dadi Hasibuan','2018-05-25 12:46:28'),
(217,'Fakultas Akademik telah selesai membuat Surat Pendaftaran Praktikum <br><br><br> milik Muhammad  Isa Dadi Hasibuan','2018-05-25 12:46:38'),
(218,'Fakultas Akademik telah selesai membuat Surat Permohon Akk <br><br><br> milik Muhammad  Isa Dadi Hasibuan','2018-05-25 12:54:34'),
(219,'Fakultas Akademik telah selesai membuat Surat Permohonan Mengundurkan Diri <br><br><br> milik Muhammad  Isa Dadi Hasibuan','2018-05-25 12:54:46'),
(220,'Fakultas Akademik telah selesai membuat Surat Pembayaran SPP <br><br><br> milik Muhammad  Isa Dadi Hasibuan','2018-05-25 12:55:15'),
(221,'Fakultas Akademik telah selesai membuat Surat Permohonan PKA <br><br><br> milik Muhammad  Isa Dadi Hasibuan','2018-05-25 12:57:53'),
(222,'Fakultas Akademik telah selesai membuat Surat Permohonan Membimbing Skripsi <br><br><br> milik Muhammad  Isa Dadi Hasibuan','2018-05-25 12:59:38'),
(223,'Fakultas Akademik telah selesai membuat Surat Pengajuan dan Persetujuan Judul Skripsi <br><br> milik Muhammad  Isa Dadi Hasibuan','2018-05-25 13:00:06'),
(224,'Fakultas Akademik telah selesai membuat Surat Permohonan Pra Penelitian <br><br><br> milik Muhammad  Isa Dadi Hasibuan','2018-05-25 13:03:56'),
(225,'Fakultas Akademik telah selesai membuat Surat Permohonan Izin Penelitian <br><br><br> milik Muhammad  Isa Dadi Hasibuan','2018-05-25 13:06:24'),
(226,'Fakultas Akademik telah selesai membuat Surat Permohonan Transkrip Nilai Sementara <br><br> milik Muhammad  Isa Dadi Hasibuan','2018-05-25 13:06:39'),
(227,'Fakultas Akademik telah selesai membuat Surat Permohonan Pengambilan Ijazah <br><br><br> milik Muhammad  Isa Dadi Hasibuan','2018-05-25 13:06:51'),
(228,'Fakultas Akademik telah selesai membuat Surat Keterangan Pengambilan Transkrip Nilai Sementara <br><br> milik Muhammad  Isa Dadi Hasibuan','2018-05-25 13:07:02'),
(229,'Fakultas Akademik telah selesai membuat Surat Permohonan Magang / Praktek Internship <br><br> milik Muhammad  Isa Dadi Hasibuan','2018-05-25 13:07:28'),
(230,'Fakultas Akademik telah selesai membuat Surat Permohonan Undangan Seminar Proposal Dosen Penguji Skripsi/Tugas Akhir milik Muhammad  Isa Dadi Hasibuan','2018-05-25 13:07:54'),
(231,'Fakultas Akademik telah selesai membuat Surat Permohonan Undangan Seminar Proposal Dosen Pembimbing Skripsi/Tugas AKhir milik Muhammad  Isa Dadi Hasibuan','2018-05-25 13:10:07'),
(232,'Fakultas Akademik telah selesai membuat Surat Permohonan Undangan Ujian Meja Hijau/Komprehensif/Tugas Akhir <br><br> milik Muhammad  Isa Dadi Hasibuan','2018-05-25 13:10:36'),
(233,'Fakultas Akademik telah selesai membuat Surat Permohonan Berhak Mengikuti Ujian Skripsi/Komprehensif/Tugas Akhir<br><br> milik Muhammad  Isa Dadi Hasibuan','2018-05-25 13:13:57'),
(234,'Fakultas Akademik telah selesai membuat Surat Permohonan Bukti Penyerahan Skripsi <br><br> milik Muhammad  Isa Dadi Hasibuan','2018-05-25 13:14:28'),
(235,'Fakultas Akademik telah selesai membuat Surat Permohonan Keterangan Alumni  <br><br><br> milik Muhammad  Isa Dadi Hasibuan','2018-05-25 13:14:59'),
(236,'Fakultas Akademik telah selesai membuat Surat Permohonan Penerbitan Karya Ilmiah/Jurnal <br><br> milik Muhammad  Isa Dadi Hasibuan','2018-05-25 13:15:22'),
(237,'Fakultas Akademik telah selesai membuat Surat Permohonan Keterangan Tanda Lulus <br><br> milik Muhammad  Isa Dadi Hasibuan','2018-05-25 13:15:56'),
(238,'Fakultas Akademik telah memeroses Surat Pengajuan Ujian Khusus <br><br><br> milik NABILA  DEANNA','2018-06-04 12:04:07'),
(239,'Fakultas Akademik telah memeroses Surat Permohonan Bukti Penyerahan Skripsi <br><br> milik NABILA  DEANNA','2018-06-04 12:32:52'),
(240,'Fakultas Akademik telah menolak Surat Pengajuan dan Persetujuan Judul Skripsi <br><br> milik Ridho  Fariha','2018-07-25 23:24:09'),
(241,'Fakultas Akademik telah memeroses Surat Pengajuan dan Persetujuan Judul Skripsi <br><br> milik Ridho  Fariha','2018-07-25 23:24:15'),
(242,'Fakultas Akademik telah menolak Surat Permohonan Keterangan Alumni  <br><br><br> milik Ridho  Fariha','2018-07-25 23:42:27'),
(243,'Fakultas Akademik telah memeroses Surat Pengajuan Ujian Khusus <br><br><br> milik NABILA  DEANNA','2018-07-26 12:24:13'),
(244,'Fakultas Akademik telah memeroses Surat Permohon Akk <br><br><br> milik NABILA  DEANNA','2018-07-26 12:29:00'),
(245,'Fakultas Akademik telah memeroses Surat Permohonan Keterlambatan Pembayaran SPP <br><br> milik NABILA  DEANNA','2018-07-26 12:33:38'),
(246,'Fakultas Akademik telah memeroses Surat Permohonan PKA <br><br><br> milik NABILA  DEANNA','2018-07-26 12:39:49'),
(247,'Fakultas Akademik telah memeroses Surat Permohonan Membimbing Skripsi/Tugas Akhir <br><br> milik NABILA  DEANNA','2018-07-26 12:47:46'),
(248,'Fakultas Akademik telah memeroses Surat Pengajuan dan Persetujuan Judul Skripsi <br><br> milik NABILA  DEANNA','2018-07-26 12:51:08'),
(249,'Fakultas Akademik telah memeroses Surat Permohonan Pra Penelitian <br><br><br> milik NABILA  DEANNA','2018-07-26 12:54:42'),
(250,'Fakultas Akademik telah memeroses Surat Permohonan Izin Penelitian <br><br><br> milik NABILA  DEANNA','2018-07-26 12:59:21'),
(251,'Fakultas Akademik telah memeroses Surat Permohonan Magang <br><br><br> milik NABILA  DEANNA','2018-07-26 13:07:17'),
(252,'Fakultas Akademik telah memeroses Surat Permohonan Undangan Seminar Proposal Dosen Penguji Skripsi/Tugas Akhir milik NABILA  DEANNA','2018-07-26 13:09:35'),
(253,'Fakultas Akademik telah memeroses Surat Permohonan Undangan Ujian Meja Hijau/Komprehensif/Tugas Akhir <br><br> milik NABILA  DEANNA','2018-07-26 13:13:34'),
(254,'Fakultas Akademik telah memeroses Surat Permohonan Bukti Penyerahan Skripsi <br><br> milik NABILA  DEANNA','2018-07-26 13:20:44'),
(255,'Fakultas Akademik telah memeroses Surat Permohonan Keterangan Alumni  <br><br><br> milik NABILA  DEANNA','2018-07-26 13:20:47'),
(256,'Fakultas Akademik telah memeroses Surat Permohonan Penerbitan Karya Ilmiah/Jurnal <br><br> milik NABILA  DEANNA','2018-07-26 13:20:52'),
(257,'Fakultas Akademik telah memeroses Surat Pendaftaran Praktikum <br><br><br> milik NABILA  DEANNA','2018-10-14 20:41:38'),
(258,'Fakultas Akademik telah memeroses Surat Permohonan Mengundurkan Diri <br><br><br> milik NABILA  DEANNA','2018-10-14 20:41:48'),
(259,'Fakultas Akademik telah memeroses Surat Permohonan Membimbing Skripsi/Tugas Akhir <br><br> milik NABILA  DEANNA','2018-10-16 23:18:19'),
(260,'Fakultas Akademik telah selesai membuat Surat Permohonan Izin Penelitian <br><br><br> milik NABILA  DEANNA','2018-10-18 06:40:30'),
(261,'Fakultas Akademik telah selesai membuat Surat Permohonan Magang <br><br><br> milik NABILA  DEANNA','2018-10-18 06:40:59');

/*Table structure for table `mahasiswa` */

DROP TABLE IF EXISTS `mahasiswa`;

CREATE TABLE `mahasiswa` (
  `id_mahasiswa` int(10) NOT NULL AUTO_INCREMENT,
  `nama_depan` varchar(50) DEFAULT NULL,
  `nama_belakang` varchar(50) DEFAULT NULL,
  `nim` varchar(9) DEFAULT NULL,
  `email` varchar(50) DEFAULT NULL,
  `tempat_lahir` varchar(50) DEFAULT NULL,
  `tanggal_lahir` date DEFAULT NULL,
  `program_studi` varchar(150) DEFAULT NULL,
  `link_foto` varchar(225) DEFAULT NULL,
  PRIMARY KEY (`id_mahasiswa`),
  UNIQUE KEY `nim` (`nim`)
) ENGINE=InnoDB AUTO_INCREMENT=64 DEFAULT CHARSET=latin1;

/*Data for the table `mahasiswa` */

insert  into `mahasiswa`(`id_mahasiswa`,`nama_depan`,`nama_belakang`,`nim`,`email`,`tempat_lahir`,`tanggal_lahir`,`program_studi`,`link_foto`) values 
(12,'Ridho',' Fariha','141402021','ridhofariha@students.usu.ac.id',' KOTA MEDAN','1997-05-17','Antropologi',NULL),
(13,'NABILA',' DEANNA','141402131','deannabila@students.usu.ac.id',' KOTA MEDAN','1996-10-20','Teknologi Informasi',NULL),
(14,'MHD',' IBRAHIM LUBIS','141402103','muhammadibrahimlubis@students.usu.ac.id',' KOTA MEDAN','1996-05-25','Teknologi Informasi',NULL),
(30,'AHMAD',' ADIL','171402081','ahmad.adil819@students.usu.ac.id',' KAB. SLEMAN','1999-01-08','Teknologi Informasi','https://portal.usu.ac.id/photos/171402081.jpg'),
(61,'Taufiq',' Rourkyendo','171402030','taufiq.rourkyendo@students.usu.ac.id',' KAB. LANGKAT','1998-12-11','Teknologi Informasi','https://portal.usu.ac.id/photos/171402030.jpg'),
(62,'ILHAM',' SYAFUTRA','170402128','ilhamsyafutra@students.usu.ac.id',' KOTA LHOKSEUMAWE','1999-06-16','Teknik Elektro','https://portal.usu.ac.id/photos/170402128.jpg'),
(63,'ROGATE',' SOLA FIDE','171402138','rogate.sola.fide@students.usu.ac.id',' JAKARTA SELATAN','1998-01-13','Teknologi Informasi','https://portal.usu.ac.id/photos/171402138.jpg');

/*Table structure for table `notif_surat_mahasiswa` */

DROP TABLE IF EXISTS `notif_surat_mahasiswa`;

CREATE TABLE `notif_surat_mahasiswa` (
  `id_notif` int(9) NOT NULL AUTO_INCREMENT,
  `isi_notif` text NOT NULL,
  `alasan` text,
  `tanggal_diproses` timestamp NOT NULL DEFAULT CURRENT_TIMESTAMP ON UPDATE CURRENT_TIMESTAMP,
  `id_surat` int(9) NOT NULL,
  `proses` char(1) NOT NULL,
  `selesai` char(1) NOT NULL,
  `dibaca` char(1) NOT NULL,
  PRIMARY KEY (`id_notif`)
) ENGINE=InnoDB AUTO_INCREMENT=152 DEFAULT CHARSET=latin1;

/*Data for the table `notif_surat_mahasiswa` */

insert  into `notif_surat_mahasiswa`(`id_notif`,`isi_notif`,`alasan`,`tanggal_diproses`,`id_surat`,`proses`,`selesai`,`dibaca`) values 
(1,'Maaf, Surat Anda ditolak','Kamu Jelek','2018-01-31 22:15:10',88,'N','N','Y'),
(2,'Surat anda sedang di proses',NULL,'2018-01-31 22:18:57',89,'Y','N','Y'),
(3,'Surat anda sedang di proses',NULL,'2018-02-18 15:15:17',103,'Y','N','Y'),
(4,'Surat anda sedang di proses',NULL,'2018-02-18 16:30:14',105,'Y','N','Y'),
(5,'Surat Kamu sudah selesai!',NULL,'2018-02-18 15:17:37',103,'Y','Y','Y'),
(6,'Surat Kamu sudah selesai!',NULL,'2018-02-18 12:36:07',103,'Y','Y','Y'),
(7,'Surat anda sedang di proses',NULL,'2018-02-18 15:43:47',110,'Y','N','Y'),
(8,'Surat Kamu sudah selesai!',NULL,'2018-02-18 15:42:28',110,'Y','Y','Y'),
(9,'Surat anda sedang di proses',NULL,'2018-02-18 16:12:39',111,'Y','N','Y'),
(10,'Surat Kamu sudah selesai!',NULL,'2018-02-18 16:13:43',111,'Y','Y','Y'),
(11,'Surat anda sedang di proses',NULL,'2018-03-07 11:10:17',116,'Y','N','Y'),
(12,'Surat anda sedang di proses',NULL,'2018-02-18 19:33:28',114,'Y','N','Y'),
(13,'Surat Kamu sudah selesai!',NULL,'2018-02-18 18:19:15',89,'Y','Y','Y'),
(14,'Surat Kamu sudah selesai!',NULL,'2018-02-18 18:19:09',116,'Y','Y','Y'),
(15,'Surat anda sedang di proses',NULL,'2018-02-19 15:08:49',95,'Y','N','N'),
(16,'Surat Kamu sudah selesai!',NULL,'2018-03-07 11:10:09',108,'Y','Y','Y'),
(17,'Surat Kamu sudah selesai!',NULL,'2018-03-07 11:10:15',95,'Y','Y','Y'),
(18,'Surat anda sedang di proses',NULL,'2018-03-07 11:10:07',98,'Y','N','Y'),
(19,'Surat anda sedang di proses',NULL,'2018-02-19 15:40:39',117,'Y','N','N'),
(20,'Surat Kamu sudah selesai!',NULL,'2018-02-19 15:44:32',117,'Y','Y','N'),
(21,'Surat anda sedang di proses',NULL,'2018-03-01 15:31:03',122,'Y','N','N'),
(22,'Surat anda sedang di proses',NULL,'2018-03-07 11:10:05',123,'Y','N','Y'),
(23,'Surat anda sedang di proses',NULL,'2018-03-01 15:45:42',124,'Y','N','N'),
(24,'Surat anda sedang di proses',NULL,'2018-03-01 15:48:00',125,'Y','N','N'),
(25,'Surat anda sedang di proses',NULL,'2018-03-01 15:50:33',126,'Y','N','N'),
(26,'Surat anda sedang di proses',NULL,'2018-03-01 15:55:16',127,'Y','N','N'),
(27,'Surat anda sedang di proses',NULL,'2018-03-02 02:21:32',130,'Y','N','N'),
(28,'Surat Kamu sudah selesai!',NULL,'2018-03-02 02:27:27',130,'Y','Y','Y'),
(29,'Surat anda sedang di proses',NULL,'2018-03-07 11:10:11',135,'Y','N','Y'),
(30,'Surat anda sedang di proses',NULL,'2018-03-07 11:10:02',136,'Y','N','Y'),
(31,'Maaf, Surat Anda ditolak','gadak','2018-03-07 11:12:00',137,'N','N','Y'),
(32,'Surat anda sedang di proses',NULL,'2018-03-30 11:35:13',138,'Y','N','N'),
(33,'Surat anda sedang di proses',NULL,'2018-03-30 11:50:01',139,'Y','N','N'),
(34,'Maaf, Surat Anda ditolak','haha','2018-03-30 11:54:39',140,'N','N','N'),
(35,'Surat anda sedang di proses',NULL,'2018-03-30 12:03:54',141,'Y','N','N'),
(36,'Surat anda sedang di proses',NULL,'2018-03-30 12:07:12',142,'Y','N','N'),
(37,'Surat anda sedang di proses',NULL,'2018-03-30 13:50:03',143,'Y','N','N'),
(38,'Surat anda sedang di proses',NULL,'2018-03-30 14:10:20',144,'Y','N','N'),
(39,'Surat anda sedang di proses',NULL,'2018-03-30 15:19:49',145,'Y','N','N'),
(40,'Surat anda sedang di proses',NULL,'2018-04-02 13:37:52',146,'Y','N','N'),
(41,'Surat anda sedang di proses',NULL,'2018-04-02 14:06:57',147,'Y','N','N'),
(42,'Surat anda sedang di proses',NULL,'2018-04-12 13:37:32',149,'Y','N','N'),
(43,'Surat anda sedang di proses',NULL,'2018-04-12 13:56:02',150,'Y','N','N'),
(44,'Surat anda sedang di proses',NULL,'2018-04-12 14:31:12',155,'Y','N','N'),
(45,'Surat anda sedang di proses',NULL,'2018-04-12 15:08:48',156,'Y','N','N'),
(46,'Surat anda sedang di proses',NULL,'2018-04-12 15:09:40',157,'Y','N','N'),
(47,'Surat anda sedang di proses',NULL,'2018-04-20 15:41:32',152,'Y','N','N'),
(48,'Surat anda sedang di proses',NULL,'2018-04-20 15:41:35',154,'Y','N','N'),
(49,'Surat anda sedang di proses',NULL,'2018-04-20 15:41:36',148,'Y','N','N'),
(50,'Surat anda sedang di proses',NULL,'2018-04-20 15:41:38',129,'Y','N','N'),
(51,'Surat anda sedang di proses',NULL,'2018-04-20 15:41:39',131,'Y','N','N'),
(52,'Surat anda sedang di proses',NULL,'2018-04-20 15:41:41',118,'Y','N','N'),
(53,'Surat anda sedang di proses',NULL,'2018-04-20 15:41:42',119,'Y','N','N'),
(54,'Surat anda sedang di proses',NULL,'2018-04-20 15:41:43',120,'Y','N','N'),
(55,'Surat anda sedang di proses',NULL,'2018-04-20 15:41:45',109,'Y','N','N'),
(56,'Surat anda sedang di proses',NULL,'2018-04-20 15:41:45',109,'Y','N','N'),
(57,'Surat anda sedang di proses',NULL,'2018-04-20 15:41:47',102,'Y','N','N'),
(58,'Surat anda sedang di proses',NULL,'2018-04-20 17:06:40',158,'Y','N','N'),
(59,'Surat anda sedang di proses',NULL,'2018-04-20 17:06:42',159,'Y','N','N'),
(60,'Surat anda sedang di proses',NULL,'2018-04-20 17:06:44',160,'Y','N','N'),
(61,'Surat anda sedang di proses',NULL,'2018-04-20 17:06:45',161,'Y','N','N'),
(62,'Surat anda sedang di proses',NULL,'2018-04-20 17:06:47',162,'Y','N','N'),
(63,'Surat anda sedang di proses',NULL,'2018-04-20 17:21:43',185,'Y','N','N'),
(64,'Surat anda sedang di proses',NULL,'2018-04-20 17:36:36',186,'Y','N','N'),
(65,'Surat anda sedang di proses',NULL,'2018-04-20 17:41:09',163,'Y','N','N'),
(66,'Surat anda sedang di proses',NULL,'2018-04-20 17:41:12',164,'Y','N','N'),
(67,'Surat anda sedang di proses',NULL,'2018-04-20 17:41:14',165,'Y','N','N'),
(68,'Surat anda sedang di proses',NULL,'2018-04-20 17:41:15',166,'Y','N','N'),
(69,'Surat anda sedang di proses',NULL,'2018-04-20 17:41:16',167,'Y','N','N'),
(70,'Surat anda sedang di proses',NULL,'2018-04-20 17:41:18',168,'Y','N','N'),
(71,'Surat anda sedang di proses',NULL,'2018-04-20 17:41:19',169,'Y','N','N'),
(72,'Surat anda sedang di proses',NULL,'2018-04-20 17:41:20',170,'Y','N','N'),
(73,'Surat anda sedang di proses',NULL,'2018-04-20 17:41:21',171,'Y','N','N'),
(74,'Surat anda sedang di proses',NULL,'2018-04-20 17:41:22',172,'Y','N','N'),
(75,'Surat anda sedang di proses',NULL,'2018-04-20 17:41:23',173,'Y','N','N'),
(76,'Surat anda sedang di proses',NULL,'2018-04-20 17:41:24',174,'Y','N','N'),
(77,'Surat anda sedang di proses',NULL,'2018-04-20 17:41:25',175,'Y','N','N'),
(78,'Surat anda sedang di proses',NULL,'2018-04-20 17:41:26',176,'Y','N','N'),
(79,'Surat anda sedang di proses',NULL,'2018-04-20 17:41:27',177,'Y','N','N'),
(80,'Surat anda sedang di proses',NULL,'2018-04-20 17:41:28',178,'Y','N','N'),
(81,'Surat anda sedang di proses',NULL,'2018-04-20 17:41:29',179,'Y','N','N'),
(82,'Surat anda sedang di proses',NULL,'2018-04-20 17:41:30',180,'Y','N','N'),
(83,'Surat anda sedang di proses',NULL,'2018-04-20 17:41:33',181,'Y','N','N'),
(84,'Surat anda sedang di proses',NULL,'2018-04-20 17:41:34',182,'Y','N','N'),
(85,'Surat anda sedang di proses',NULL,'2018-04-20 17:41:35',183,'Y','N','N'),
(86,'Surat anda sedang di proses',NULL,'2018-04-20 17:41:37',184,'Y','N','N'),
(87,'Surat anda sedang di proses',NULL,'2018-05-25 12:24:30',187,'Y','N','N'),
(88,'Surat anda sedang di proses',NULL,'2018-05-25 12:24:33',188,'Y','N','N'),
(89,'Surat anda sedang di proses',NULL,'2018-05-25 12:24:35',189,'Y','N','N'),
(90,'Surat anda sedang di proses',NULL,'2018-05-25 12:24:38',190,'Y','N','N'),
(91,'Surat anda sedang di proses',NULL,'2018-05-25 12:24:40',191,'Y','N','N'),
(92,'Surat anda sedang di proses',NULL,'2018-05-25 12:24:41',192,'Y','N','N'),
(93,'Surat anda sedang di proses',NULL,'2018-05-25 12:24:43',193,'Y','N','N'),
(94,'Surat anda sedang di proses',NULL,'2018-05-25 12:44:38',194,'Y','N','N'),
(95,'Surat anda sedang di proses',NULL,'2018-05-25 12:44:40',195,'Y','N','N'),
(96,'Surat anda sedang di proses',NULL,'2018-05-25 12:44:42',196,'Y','N','N'),
(97,'Surat anda sedang di proses',NULL,'2018-05-25 12:44:45',197,'Y','N','N'),
(98,'Surat anda sedang di proses',NULL,'2018-05-25 12:44:47',198,'Y','N','N'),
(99,'Surat anda sedang di proses',NULL,'2018-05-25 12:44:50',200,'Y','N','N'),
(100,'Surat anda sedang di proses',NULL,'2018-05-25 12:44:52',201,'Y','N','N'),
(101,'Surat anda sedang di proses',NULL,'2018-05-25 12:44:54',202,'Y','N','N'),
(102,'Surat anda sedang di proses',NULL,'2018-05-25 12:44:56',203,'Y','N','N'),
(103,'Surat anda sedang di proses',NULL,'2018-05-25 12:44:58',204,'Y','N','N'),
(104,'Surat anda sedang di proses',NULL,'2018-05-25 12:45:00',205,'Y','N','N'),
(105,'Surat anda sedang di proses',NULL,'2018-05-25 12:45:01',206,'Y','N','N'),
(106,'Surat anda sedang di proses',NULL,'2018-05-25 12:45:04',207,'Y','N','N'),
(107,'Surat anda sedang di proses',NULL,'2018-05-25 12:45:07',209,'Y','N','N'),
(108,'Surat anda sedang di proses',NULL,'2018-05-25 12:45:10',210,'Y','N','N'),
(109,'Surat anda sedang di proses',NULL,'2018-05-25 12:45:12',211,'Y','N','N'),
(110,'Surat anda sedang di proses',NULL,'2018-05-25 12:45:14',212,'Y','N','N'),
(111,'Surat anda sedang di proses',NULL,'2018-05-25 12:45:17',213,'Y','N','N'),
(112,'Surat anda sedang di proses',NULL,'2018-05-25 12:45:21',214,'Y','N','N'),
(113,'Surat anda sedang di proses',NULL,'2018-05-25 12:45:23',215,'Y','N','N'),
(114,'Surat anda sedang di proses',NULL,'2018-05-25 12:45:24',216,'Y','N','N'),
(115,'Surat anda sedang di proses',NULL,'2018-05-25 12:45:26',217,'Y','N','N'),
(116,'Maaf, Surat Anda ditolak','GA JELAS','2018-05-25 12:45:34',208,'N','N','N'),
(117,'Surat anda sedang di proses',NULL,'2018-06-04 12:04:07',218,'Y','N','N'),
(118,'Surat anda sedang di proses',NULL,'2018-06-04 12:32:52',221,'Y','N','N'),
(119,'Maaf, Surat Anda ditolak','gada','2018-07-25 23:24:09',235,'N','N','N'),
(120,'Surat anda sedang di proses',NULL,'2018-07-25 23:24:14',234,'Y','N','N'),
(121,'Maaf, Surat Anda ditolak','das','2018-07-25 23:42:27',238,'N','N','N'),
(122,'Surat anda sedang di proses',NULL,'2018-07-26 12:24:13',240,'Y','N','N'),
(123,'Surat anda sedang di proses',NULL,'2018-07-26 12:29:00',242,'Y','N','N'),
(124,'Surat anda sedang di proses',NULL,'2018-07-26 12:33:38',244,'Y','N','N'),
(125,'Surat anda sedang di proses',NULL,'2018-07-26 12:39:49',245,'Y','N','N'),
(126,'Surat anda sedang di proses',NULL,'2018-07-26 12:47:46',246,'Y','N','N'),
(127,'Surat anda sedang di proses',NULL,'2018-07-26 12:51:08',247,'Y','N','N'),
(128,'Surat anda sedang di proses',NULL,'2018-07-26 12:54:42',250,'Y','N','N'),
(129,'Surat anda sedang di proses',NULL,'2018-07-26 12:59:21',251,'Y','N','N'),
(130,'Surat anda sedang di proses',NULL,'2018-07-26 13:07:17',252,'Y','N','N'),
(131,'Surat anda sedang di proses',NULL,'2018-07-26 13:09:34',253,'Y','N','N'),
(132,'Surat anda sedang di proses',NULL,'2018-07-26 13:13:34',254,'Y','N','N'),
(133,'Surat anda sedang di proses',NULL,'2018-07-26 13:20:44',256,'Y','N','N'),
(134,'Surat anda sedang di proses',NULL,'2018-07-26 13:20:47',257,'Y','N','N'),
(135,'Surat anda sedang di proses',NULL,'2018-07-26 13:20:52',258,'Y','N','N'),
(136,'Surat anda sedang di proses',NULL,'2018-10-14 20:41:38',241,'Y','N','N'),
(137,'Surat anda sedang di proses',NULL,'2018-10-14 20:41:48',243,'Y','N','N'),
(138,'Surat Kamu sudah selesai!',NULL,'2018-10-14 20:47:41',217,'Y','Y','N'),
(139,'Surat Kamu sudah selesai!',NULL,'2018-10-14 20:47:51',217,'Y','Y','N'),
(140,'Maaf, Surat Anda ditolak','test','2018-10-16 00:07:40',220,'N','N','N'),
(141,'Maaf, Surat Anda ditolak','test','2018-10-16 00:07:52',222,'N','N','N'),
(142,'Maaf, Surat Anda ditolak','test','2018-10-16 00:08:02',219,'N','N','N'),
(143,'Maaf, Surat Anda ditolak','test','2018-10-16 00:10:08',225,'N','N','N'),
(144,'Maaf, Surat Anda ditolak','test','2018-10-16 00:11:28',239,'N','N','N'),
(145,'Maaf, Surat Anda ditolak','test','2018-10-16 00:12:27',236,'N','N','N'),
(146,'Maaf, Surat Anda ditolak','coba','2018-10-16 00:20:24',249,'N','N','N'),
(147,'Surat anda sedang di proses',NULL,'2018-10-16 23:18:18',248,'Y','N','N'),
(148,'Surat anda sedang di proses',NULL,'2018-10-16 23:34:55',255,'Y','N','N'),
(149,'Surat anda sedang di proses',NULL,'2018-10-16 23:49:53',227,'Y','N','N'),
(150,'Surat anda sedang di proses',NULL,'2018-10-16 23:52:37',233,'Y','N','N'),
(151,'Surat Kamu sudah selesai!',NULL,'2018-10-18 07:46:04',216,'Y','Y','N');

/*Table structure for table `pegawai` */

DROP TABLE IF EXISTS `pegawai`;

CREATE TABLE `pegawai` (
  `id_pegawai` int(11) NOT NULL AUTO_INCREMENT,
  `bagian` varchar(50) NOT NULL,
  `fakultas` varchar(50) NOT NULL,
  `program_studi` varchar(50) NOT NULL,
  `created_by` int(50) DEFAULT NULL,
  `created_time` datetime DEFAULT NULL,
  PRIMARY KEY (`id_pegawai`)
) ENGINE=InnoDB AUTO_INCREMENT=2 DEFAULT CHARSET=latin1;

/*Data for the table `pegawai` */

insert  into `pegawai`(`id_pegawai`,`bagian`,`fakultas`,`program_studi`,`created_by`,`created_time`) values 
(1,'Pegawai Kasub Akademik','Fakultas Ilmu Politik dan Sosial','-',NULL,NULL);

/*Table structure for table `surat` */

DROP TABLE IF EXISTS `surat`;

CREATE TABLE `surat` (
  `id_surat` int(10) NOT NULL AUTO_INCREMENT,
  `id_jenis` int(10) NOT NULL,
  `form_surat` varchar(255) NOT NULL,
  `type` varchar(10) NOT NULL,
  `name` varchar(20) NOT NULL,
  `placeholder` varchar(20) NOT NULL,
  PRIMARY KEY (`id_surat`)
) ENGINE=InnoDB AUTO_INCREMENT=326 DEFAULT CHARSET=latin1;

/*Data for the table `surat` */

insert  into `surat`(`id_surat`,`id_jenis`,`form_surat`,`type`,`name`,`placeholder`) values 
(1,1,'Nama','-','nama','-'),
(2,1,'NIM','-','nim','-'),
(3,1,'Departemen','-','departemen','-'),
(4,1,'Matakuliah 1','text','matkul_satu','Matakuliah 1'),
(5,1,'Matakuliah 2','text','matkul_dua','Matakuliah 2'),
(6,1,'Matakuliah 3','text','matkul_tiga','Matakuliah 3'),
(7,1,'Dosen Penguji 1','text','penguji_satu','Dosen Penguji 1'),
(8,1,'Dosen Penguji 2','text','penguji_dua','Dosen Penguji 2'),
(9,1,'Dosen Penguji 3','text','penguji_tiga','Dosen Penguji 3'),
(10,1,'Scan dan Upload Skripsi asli yang telah di acc pembimbing','file','scan_skripsi','Scan Skripsi'),
(11,1,'Scan SPP semester terakhir','file','scan_spp','Scan SPP'),
(12,1,'Scan KHS nilai yang ingin diajukan','file','scan_khs','Scan KHS'),
(13,2,'Ditujukan Kepada','text','ditujukan_ke','Ditujukan Kepada'),
(14,2,'Jabatan Tertuju','text','jabatan_tertuju','Jabatan Tertuju'),
(15,2,'Mahasiswa/Nim 1','text','mahasiswa_satu','Mahasiswa/Nim'),
(16,2,'Mahasiswa/Nim 2','text','mahasiswa_dua','Mahasiswa/Nim'),
(17,2,'Mahasiswa/Nim 3','text','mahasiswa_tiga','Mahasiswa/Nim'),
(18,2,'Nomor HP','text','nomor_hp','Nomor HP'),
(19,2,'Setting Praktikum','text','setting_praktikum','Setting Praktikum'),
(20,4,'Nama','','nama',''),
(21,4,'NIM','','nim',''),
(22,4,'Program Studi','','program_studi',''),
(23,4,'Semester','text','semester','Ganjil/Genap'),
(24,4,'Tahun Akademik','text','tahun_akademik','cth : 2018/2019'),
(25,4,'Jenjang','text','jenjang','S1 / D3'),
(26,5,'Nama','','nama',''),
(27,5,'NIM','','nim',''),
(28,5,'Program Studi','','program_studi',''),
(29,5,'Jenjang','text','jenjang','S1 / D3'),
(30,5,'Alasan Mengundurkan Diri','text','alasan','Alasan'),
(31,6,'Nama','','nama',''),
(32,6,'NIM','','nim',''),
(33,6,'Program Studi','','program_studi',''),
(34,6,'Pembayaran Spp Semester','text','semester','cth : 3 (Tiga)'),
(35,6,'Tahun Akademik','text','tahun_akademik','cth : 2018/2019'),
(36,6,'Alasan Keterlambatan Pembayaran','text','alasan','Alasan'),
(37,6,'Scan KTM','file','scan_ktm','Scan KTM'),
(38,6,'Scan SPP Terakhir','file','scan_spp','Scan SPP'),
(39,7,'Nama','','nama',''),
(40,7,'NIM','','nim',''),
(41,7,'Program Studi','','program_studi',''),
(42,7,'Jenjang','text','jenjang','S1 / D3'),
(43,7,'Semester','text','semester','Ganjil / Genap'),
(44,7,'Tahun Akademik','text','tahun_akademik','cth : 2018 / 2019'),
(45,7,'Alasan PKA','text','alasan','Alasan PKA'),
(46,8,'Nama','','nama',''),
(47,8,'NIM','','nim',''),
(48,8,'Kelas','text','kelas','kelas'),
(49,8,'Ditujukan Kepada','text','ditujukan_ke','Bapak/Ibu'),
(50,8,'Judul Skripsi','text','judul_skripsi','Judul Skripsi'),
(51,8,'Scan dan Upload Persetujuan Judul dari Ketua/Sekretaris Prodi','file','scan_persetujuan','Scan Persetujuan'),
(52,9,'Nama','','nama',''),
(53,9,'NIM','','nim',''),
(54,9,'Program Studi','','program_studi',''),
(55,9,'Judul Skripsi 1','text','judul_satu','Judul Skripsi 1'),
(56,9,'Judul Skripsi 2','text','judul_dua','Judul Skripsi 2'),
(57,9,'Judul Skripsi 3','text','judul_tiga','Judul Skripsi 3'),
(58,9,'Scan KTM','file','scan_ktm','Scan KTM'),
(59,9,'Scan SPP semester terakhir','file','scan_spp','Scan SPP'),
(60,9,'Scan dan Upload KRS Semester Akhir yang tertulis mata kuliah skripsi','file','scan_krs','Scan KRS'),
(61,9,'Scan KHS Semester 1 sampai akhir','file','scan_khs','Scan KHS'),
(62,10,'Nama','','nama',''),
(63,10,'NIM','','nim',''),
(64,10,'Program Studi','','program_studi',''),
(65,10,'Tingkat/Semester','text','semester','cth : 3 (Tiga)'),
(66,10,'Alamat','text','alamat','Alamat Tinggal/Rumah'),
(67,10,'Judul Proposal','text','judul_proposal','Judul Proposal'),
(68,10,'Lokasi Penelitian','text','lokasi_penelitian','Lokasi Penelitian'),
(69,10,'Ditujukan Kepada','text','ditujukan_ke','Bapak / Ibu'),
(70,10,'Dosen Pembimbing/Penasehat Akademik','text','dosen_pembimbing','Dosen Pembimbing'),
(71,10,'Scan SPP Terakhir','file','scan_spp','Scan Spp'),
(72,10,'Scan KTM','file','scan_ktm','Scan KTM'),
(73,10,'Scan Outline judul yang telah di ACC oleh pembimbing (Pra Penelitian)','file','scan_outline','Scan Outline'),
(75,11,'Nama','','nama',''),
(76,11,'TTL','','ttl',''),
(77,11,'Pekerjaan','text','pekerjaan','Pekerjaan'),
(78,11,'Alamat','text','alamat','Alamat Tinggal/Rumah'),
(79,11,'Scan Surat Keterangan Hilang Dari Kepolisian','file','scan_kepolisian','Scan kepolisian'),
(80,11,'Scan KTP','file','scan_ktp','Scan KTP'),
(81,11,'Scan Asli/Fotocopy Ijazah','file','scan_ijazah','Scan Ijazah'),
(82,11,'Scan Transkrip Nilai','file','scan_transkrip','Scan Transktip'),
(83,12,'Nama','','nama',''),
(84,12,'Nomor Ijazah','text','nomor_ijazah','Nomor Ijazah'),
(85,12,'Scan Asli/Fotocopy Ijazah ','file','scan_ijazah','Scan Ijazah'),
(86,13,'Nama','','nama',''),
(87,13,'NIM','','nim',''),
(88,13,'Program Studi','','program_studi',''),
(89,13,'Jenjang ','text','jenjang','S1/D3'),
(90,13,'TTL','','ttl',''),
(91,13,'Semester','text','semester','Semester'),
(92,13,'No. Tel','text','nomor_tel','Nomor Telepon'),
(93,13,'Keperluan Surat Untuk','text','keperluan','Keperluan Surat'),
(94,13,'Scan KTM','file','scan_ktm','Scan KTM'),
(95,13,'Scan KRS','file','scan_krs','Scan Krs'),
(96,13,'Scan KHS','file','scan_khs','Scan KHS'),
(97,14,'Nama','','nama',''),
(98,14,'Alamat','text','alamat','Alamat Tinggal/Rumah'),
(99,14,'NIM','','nim',''),
(100,14,'Program Studi','','program_studi',''),
(101,14,'KRS yang hilang Semester','text','semester','cth : 3 (Tiga)'),
(102,14,'Tahun Ajaran','text','tahun_ajaran','cth : 2018/2019'),
(103,15,'Nama','','nama',''),
(104,15,'NIM','','nim',''),
(105,15,'Program Studi','','program_studi',''),
(106,15,'Semester','text','semester','Tiga (Ganjil)'),
(107,15,'Alasan Tidak Mengikuti Perkuliahan','text','alasan',''),
(108,15,'Scan KRS','file','scan_krs',''),
(109,15,'Scan Surat Kegiatan (jika mengikuti acara kegiatan)','file','scan_surat',''),
(110,16,'Nama','','nama',''),
(111,16,'NIM','','nim',''),
(112,16,'Tingkat/Semester','text','semester','Cth : 4 (Empat)'),
(113,16,'Program Studi','','program_studi',''),
(114,16,'TTL','','ttl',''),
(115,16,'No. Telp/HP','text','no_hp','Nomor telepon'),
(116,16,'Alamat Mahasiswa','text','alamat','Alamat Rumah/Tinggal'),
(117,16,'Nama Orang Tua','text','nama_orangtua','Nama Ayah / Ibu'),
(118,16,'NIP/NRP/NIL/No.Pensiun','text','nip','Pilih Salah Satu'),
(119,16,'Pangkat/Golongan','text','pangkat','Pangkat / Golongan'),
(120,16,'Instansi','text','instansi','Instansi Orang tua'),
(121,16,'Alamat Orang Tua','text','alamat_orangtua','Alamat Orang Tua'),
(122,16,'Tahun Akademik','text','tahun_akademik','cth : 2018/2019'),
(123,16,'Scan KTM','file','scan_ktm',''),
(124,16,'Scan KHS','file','scan_khs',''),
(125,16,'Scan KRS','file','scan_krs',''),
(126,16,'Scan SPP Terakhir','file','scan_spp',''),
(127,17,'Nama','','nama',''),
(128,17,'NIM','','nim',''),
(129,17,'Program Studi','','program_studi',''),
(130,17,'Alamat','text','alamat','Alamat Tinggal/Rumah'),
(131,17,'Judul Proposal','text','judul_proposal','Judul Proposal'),
(132,17,'Lokasi Penelitian','text','lokasi_penelitian','Lokasi Penelitian'),
(133,17,'Ditujukan Kepada 1','text','ditujukan_pertama','Ditujukan kepada 1'),
(134,17,'Ditujukan Kepada 2','text','ditujukan_kedua','Ditujukan Kepada 2'),
(135,17,'Ditujukan Kepada 3','text','ditujukan_ketiga','Ditujukan Kepada 3'),
(136,17,'Dosen Pembimbing/Penasehat Akademik','text','dosen_pa','Nama Dosen'),
(137,18,'Nama','','nama',''),
(138,18,'NIM','','nim',''),
(139,18,'Alamat','text','alamat','Alamat Tinggal/Rumah'),
(140,18,'No. HP Aktif','text','nomor_hp','Nomor HP'),
(141,18,'Judul 1','text','judul_satu','Judul satu'),
(142,18,'Judul 2','text','judul_dua','Judul Dua'),
(143,18,'Judul 3','text','judul_tiga','Judul Tiga'),
(144,12,'NIM','','nim',''),
(145,12,'Program Studi','','program_studi',''),
(146,8,'Program Studi','','program_studi',''),
(147,16,'Scan Asli/Fotocopy Kartu Keluarga (Apabila ibu yang menanggung)','file','scan_kk',''),
(148,19,'Hal','text','hal','Hal'),
(149,19,'Mulai Berlaku','text','mulai_berlaku','Tgl mulai berlaku'),
(150,19,'Jatah Peserta BBM','text','jatah_bbm','Jatah BBM'),
(151,19,'Jatah Peserta PPA','text','jatah_ppa','Jatah PPA'),
(152,19,'Akhir Berlaku','text','akhir_berlaku','Tgl batas akhir'),
(153,20,'NIM','text','nim','NIM'),
(154,20,'Nama','text','nama','nama'),
(155,20,'Semester Sekarang','text','semester','Semester Sekarang'),
(156,20,'Program Studi','text','program_studi',''),
(157,21,'Nama','-','nama','-'),
(158,21,'NIM','-','nim','-'),
(159,21,'Program Studi','-','program_studi','-'),
(160,21,'Scan KHS Semester Awal Sampai Akhir','file','scan_khs','Scan KHS'),
(161,21,'Scan SPP Terakhir','file','scan_spp','Scan SPP'),
(162,21,'Scan KTM','file','scan_ktm','Scan KTM'),
(163,22,'Nama','-','nama','-'),
(164,22,'NIM','-','nim','-'),
(165,22,'Program Studi','-','program_studi','-'),
(166,22,'Scan Surat Keterangan Alumni','file','scan_alumni','Scan Keterangan'),
(167,22,'Scan Surat Keterangan Penerbitan Karya Ilmiah/Jurnal','file','scan_jurnal','Scan Jurnal'),
(168,22,'Scan Surat Pengembalian Toga Wisuda','file','scan_wisuda','Scan Wisuda'),
(169,23,'Nama','-','nama','-'),
(170,23,'NIM','','nim',''),
(171,23,'Program Studi','','program_studi',''),
(172,23,'Scan Surat Keterangan Tanda Lulus','file','scan_surat',''),
(173,24,'Nama','','nama',''),
(174,24,'NIM','','nim',''),
(175,24,'Program Studi','','program_studi',''),
(176,25,'Nama','','nama',''),
(177,25,'NIM','','nim',''),
(178,25,'Program Studi','','program_studi',''),
(179,25,'Scan dan Upload Cover Proposal yang sudah di ACC dari Ketua/Sekretaris Program Studi','file','scan_cover','Scan Cover'),
(180,26,'Nama','','nama',''),
(181,26,'NIM','','nim',''),
(182,26,'Program Studi','','program_studi',''),
(183,26,'Scan Cover Proposal yang sudah di ACC Dosen Pembimbing','file','scan_cover','Scan Cover'),
(184,27,'Nama','','nama',''),
(185,27,'NIM','','nim',''),
(186,27,'Program Studi','','program_studi',''),
(187,27,'Scan Bukti Lunas Uang Skripsi/Tugas Akhir','file','scan_uang','Scan Uang'),
(188,27,'Scan Bukti Telah Menyelesaikan Urusan Tagihan dari Perpustakaan USU dan FISIP USU','file','scan_tagihan','Scan Tagihan'),
(189,27,'Scan KHS dari Semester Awal sampai Akhir','file','scan_khs','Scan KHS'),
(190,27,'Scan Bukti Lunas SPP dari Semester Awal sampai akhir per tahun akademik','file','scan_spp','scan spp'),
(192,26,'Judul Skripsi','text','judul','Judul Skripsi'),
(193,27,'Jenjang Studi','text','jenjang','S1 / D3'),
(194,28,'Nama','','nama',''),
(195,28,'NIM','','nim',''),
(196,28,'Program Studi','','program_studi',''),
(201,30,'Nama','','nama',''),
(202,30,'NIM','','nim',''),
(203,30,'Program Studi','','program_studi',''),
(204,30,'Judul Jurnal/Karya Ilmiah','text','judul','Judul'),
(205,31,'Nama','','nama',''),
(206,31,'NIM','','nim',''),
(207,31,'Program Studi','','program_studi',''),
(208,31,'Scan Surat Keterangan Penerbitan Karya Ilmiah/Jurnal','file','scan_penerbitan','scan penerbitan'),
(209,32,'Nama','','nama',''),
(210,32,'NIM','','nim',''),
(211,32,'Program Studi','','program_studi',''),
(212,32,'Scan dan Upload Cover Skripsi/Tugas Akhir yang telah ditanda tangani oleh dosen pembimbing dan Ketua Program Studi','file','scan_cover','scan cover'),
(213,32,'Scan dan Upload halaman berhak mengikuti ujian meja hijau yang telah ditentukan tanggal sidang meja hijau/tugas akhir','file','scan_persetujuan','scan persetujuan'),
(214,28,'Judul Skripsi','text','judul','Judul Skripsi'),
(215,28,'Alamat','text','alamat','Alamat Rumah/Kos'),
(216,29,'Nama','','nama',''),
(217,29,'NIM','','nim',''),
(218,29,'Program Studi','','program_studi',''),
(220,29,'Scan dan Upload halaman pengesahan yang telah ditandatangani oleh dosen pembimbing dan ketua program studi','file','scan_halaman','scan halaman'),
(221,29,'Judul Skripsi','text','judul','Judul Skripsi'),
(222,29,'Alamat','text','alamat','Alamat Rumah/Kos'),
(223,33,'Nama','','nama',''),
(224,33,'Alamat','text','alamat','Alamat Tinggal/Rumah'),
(225,33,'NIM','','nim',''),
(226,33,'Program Studi','','program_studi',''),
(227,33,'KHS yang hilang Semester','text','semester','cth : 4 (Empat)'),
(228,33,'Tahun Ajaran','text','tahun_ajaran','cth : 2018/2019'),
(231,13,'Scan Spp Terakhir','file','scan_spp','Scan SPP'),
(299,15,'Scan Surat Keterangan Sakit Dari Dokter/Rumah Sakit/Puskesmas/Klinik (Asli)','file','scan_keterangan',''),
(300,25,'Scan dan Upload Kartu Seminar Hasil','file','scan_semhas','Kartu Seminar Hasil'),
(301,1,'Scan dan Unduh Bukti Pembayaran Ujian Khusus','file','scan_usus','Pembayaran Ujian'),
(303,2,'Scan dan Upload Surat Permohonan Praktikum ditandatangani dosen pembimbing ','file','scan_prakt','Permohonan Praktikum'),
(305,4,'Scan dan Upload Surat Keputusan PKA','file','scan_pka','Surat Keputusan PKA'),
(306,5,'Scan dan Upload Slip SPP Akhir','file','scan_spp','Slip SPP Akhir'),
(307,5,'Scan dan Upload KTM','file','scan_ktm','KTM'),
(308,7,'Scan Slip SPP Akhir','file','scan_spp','Slip SPP Akhir'),
(309,7,'Scan KTM','file','scan_ktm','Scan KTM'),
(310,28,'Dosen Pembimbing','text','dopim','Dosen Pembimbing'),
(311,28,'Dosen Penguji I','text','dopeng1','Dosen Penguji I'),
(312,28,'Dosen Penguji II','text','dopeng2','Dosen Penguji II'),
(313,28,'Ketua Penguji','text','ketuji','Ketua Penguji'),
(314,28,'Hari, Tanggal/Tahun Sidang','text','waktu','Tanggal Sidang'),
(315,28,'Lokasi Penelitian Skripsi/Tugas Akhir','text','lokasi','Lokasi Penelitian TA'),
(316,30,'Scan dan Upload Surat Permohonan Jurnal','file','scan_permohonan','Scan Permhonan'),
(317,30,'Scan dan upload Cover ACC Jurnal','file','scan_cover','Scan Cover'),
(318,9,'Scan dan upload Surat permohonan Judul yang di ACC oleh Dosen Penasehat Akademik (PA)','file','scan_permohonan','Scan Permhonan'),
(319,17,'Scan SPP terakhir','file','scan_spp',''),
(320,17,'Scan KTM','file','scan_ktm',''),
(321,17,'Scan Proposal Asli yang telah di ACC oleh Pembimbing dan Ketua Program Studi','file','scan_proposal',''),
(322,24,'Scan dan Upload Permohonan Mahasiswa Magang','file','scan_magang','Scan Surat Magang'),
(323,4,'Scan Slip Spp Terakhir','file','scan_spp','Scan slip spp'),
(324,4,'Scan KTM','file','scan_ktm','Scan KTM'),
(325,29,'Scan Cover Skripsi','file','scan_cover','Scan Cover');

/*Table structure for table `surat_balasan` */

DROP TABLE IF EXISTS `surat_balasan`;

CREATE TABLE `surat_balasan` (
  `id_balasan` int(10) NOT NULL AUTO_INCREMENT,
  `nama_surat` varchar(80) NOT NULL,
  `id_jenis` int(10) NOT NULL,
  PRIMARY KEY (`id_balasan`),
  KEY `id_jenis` (`id_jenis`),
  CONSTRAINT `surat_balasan_ibfk_1` FOREIGN KEY (`id_jenis`) REFERENCES `jenis_surat` (`id_jenis`) ON DELETE CASCADE
) ENGINE=InnoDB AUTO_INCREMENT=36 DEFAULT CHARSET=latin1;

/*Data for the table `surat_balasan` */

insert  into `surat_balasan`(`id_balasan`,`nama_surat`,`id_jenis`) values 
(1,'Surat Balasan Pengajuan Ujian Khusus',1),
(2,'Surat Balasan Pendaftaran Praktikum',2),
(4,'Surat Balasan AKK',4),
(5,'Surat Balasan Mengundurkan Diri',5),
(6,'Surat Balasan Keterlambatan Pembayaran SPP',6),
(7,'Surat Balasan PKA',7),
(8,'Surat Balasan Bimbingan Skrispsi',8),
(10,'Surat Balasan Izin Penelitian S1',10),
(12,'Surat Balasan Akreditasi Prodi',12),
(13,'Surat Balasan Aktif Kuliah',13),
(14,'Surat Balasan Kehilangan KRS/KHS/KTM',14),
(15,'Surat Balasan Absen Perkuliahan',15),
(16,'Surat Balasan Biaya Tanggungan',16),
(17,'Surat Balasan Izin Penelitian D3',17),
(18,'Surat Balasan Judul TA',18),
(19,'Surat Permohonan Transkrip Nilai Sementara',21),
(20,'Surat Balasan Kehilangan KTM',20),
(21,'Surat Balasan Pengambilan Ijazah',22),
(22,'Surat Balasan Pengambilan Transkrip Nilai',23),
(23,'Surat Balasan Magang / Praktek Internship',24),
(24,'Surat Balasan Undangan Seminar Proposal Dosen Penguji Skripsi/Tugas AKhir',25),
(25,'Surat Balasan Undangan Seminar Proposal Dosen Pembimbing Skripsi/Tugas AKhir',26),
(26,'Surat Balasan Berhak Mengikuti Ujian Skripsi/Komprehensif/Tugas Akhir',27),
(27,'Surat Balasan Bukti Penyerahan Skripsi ',28),
(28,'Surat Balasan Keterangan Alumni',29),
(30,'Surat Balasan Keterangan Tanda Lulus',31),
(31,'Surat Balasan Penerbitan Karya Ilmiah/Jurnal',30),
(33,'Surat Balasan Undangan Ujian Meja Hijau/Komprehensif/Tugas Akhir',32),
(34,'Surat Balasan Pengajuan Judul Skripsi',9),
(35,'Surat Balasan Kehilangan KHS',33);

/*Table structure for table `user_group` */

DROP TABLE IF EXISTS `user_group`;

CREATE TABLE `user_group` (
  `group_id` int(50) NOT NULL AUTO_INCREMENT,
  `level` varchar(50) NOT NULL,
  `created_by` int(50) DEFAULT NULL,
  `created_time` datetime DEFAULT NULL,
  PRIMARY KEY (`group_id`)
) ENGINE=InnoDB AUTO_INCREMENT=4 DEFAULT CHARSET=latin1;

/*Data for the table `user_group` */

insert  into `user_group`(`group_id`,`level`,`created_by`,`created_time`) values 
(1,'admin',NULL,NULL),
(2,'pegawai',NULL,NULL),
(3,'mahasiswa',NULL,NULL);

/*Table structure for table `users` */

DROP TABLE IF EXISTS `users`;

CREATE TABLE `users` (
  `user_id` int(50) NOT NULL AUTO_INCREMENT,
  `username` varchar(225) NOT NULL,
  `password` varchar(225) NOT NULL,
  `created_time` datetime DEFAULT NULL,
  `group_id` int(50) NOT NULL,
  `kon_id` int(10) NOT NULL,
  PRIMARY KEY (`user_id`)
) ENGINE=InnoDB AUTO_INCREMENT=45 DEFAULT CHARSET=latin1;

/*Data for the table `users` */

insert  into `users`(`user_id`,`username`,`password`,`created_time`,`group_id`,`kon_id`) values 
(39,'admin','21232f297a57a5a743894a0e4a801fc3',NULL,1,1),
(40,'Fakultas Akademik','78df579d8baa4f457a42dbc592ebd2ee',NULL,2,1),
(42,'171402030','a9be25651b7f51db3ee242844ee0711d','2018-10-15 21:11:24',3,61),
(43,'170402128','89654909734519a9e18ee56c0f02c328','2018-10-15 21:22:46',3,62),
(44,'171402138','ea7c83f1503aa10a658b034e4624a251','2018-10-18 08:51:40',3,63);

/*!40101 SET SQL_MODE=@OLD_SQL_MODE */;
/*!40014 SET FOREIGN_KEY_CHECKS=@OLD_FOREIGN_KEY_CHECKS */;
/*!40014 SET UNIQUE_CHECKS=@OLD_UNIQUE_CHECKS */;
/*!40111 SET SQL_NOTES=@OLD_SQL_NOTES */;
